Filename,True Label,Predicted Label,Prob_water_shower,Prob_others
others_501.wav,others,others,0.24398227,0.7560178
others_502.wav,others,others,0.24398272,0.7560173
others_503.wav,others,others,0.24398227,0.7560178
others_504.wav,others,others,0.24398196,0.75601804
others_505.wav,others,others,0.24398366,0.7560163
others_506.wav,others,others,0.24398251,0.7560175
others_507.wav,others,others,0.24398255,0.75601745
others_508.wav,others,others,0.24398363,0.7560164
others_509.wav,others,others,0.24398685,0.75601315
others_510.wav,others,others,0.24398243,0.7560176
others_511.wav,others,others,0.2439823,0.75601774
others_512.wav,others,others,0.24398224,0.75601774
others_513.wav,others,others,0.243982,0.75601804
others_514.wav,others,others,0.2439821,0.75601786
others_515.wav,others,others,0.24398251,0.75601745
others_516.wav,others,others,0.24398433,0.7560157
others_517.wav,others,others,0.24398349,0.7560165
others_518.wav,others,others,0.24398248,0.7560175
others_519.wav,others,others,0.24398427,0.7560157
others_520.wav,others,others,0.2439821,0.75601786
others_521.wav,others,others,0.24400906,0.755991
others_522.wav,others,others,0.24400125,0.7559988
others_523.wav,others,others,0.24398461,0.7560154
others_524.wav,others,others,0.24399233,0.7560077
others_525.wav,others,others,0.24398308,0.7560169
others_526.wav,others,others,0.24403827,0.7559617
others_527.wav,others,others,0.24398294,0.756017
others_528.wav,others,others,0.24398468,0.7560153
others_529.wav,others,others,0.24398439,0.75601566
others_530.wav,others,others,0.24398339,0.7560167
others_531.wav,others,others,0.24398457,0.7560154
others_532.wav,others,others,0.2439835,0.7560165
others_533.wav,others,others,0.2439835,0.75601655
others_534.wav,others,others,0.24398497,0.75601506
others_535.wav,others,others,0.24398343,0.75601655
others_536.wav,others,others,0.24398494,0.756015
others_537.wav,others,others,0.24398696,0.75601304
others_538.wav,others,others,0.3448786,0.6551214
others_539.wav,others,others,0.24398601,0.756014
others_540.wav,others,others,0.24398367,0.7560163
others_541.wav,others,others,0.24398212,0.75601786
others_542.wav,others,others,0.24398206,0.7560179
others_543.wav,others,others,0.24398208,0.75601786
others_544.wav,others,others,0.24398266,0.7560174
others_545.wav,others,others,0.24398191,0.7560181
others_546.wav,others,others,0.24398227,0.75601774
others_547.wav,others,others,0.24398194,0.75601804
others_548.wav,others,others,0.24398422,0.7560158
others_549.wav,others,others,0.24398296,0.756017
others_550.wav,others,others,0.24398373,0.75601625
others_551.wav,others,others,0.24398367,0.7560164
others_552.wav,others,others,0.24418862,0.7558114
others_553.wav,others,others,0.24398322,0.7560168
others_554.wav,others,others,0.24398275,0.75601727
others_555.wav,others,others,0.24398272,0.7560174
others_556.wav,others,others,0.24398409,0.7560159
others_557.wav,others,others,0.24398458,0.7560154
others_558.wav,others,others,0.2439854,0.75601465
others_559.wav,others,others,0.24398497,0.756015
others_560.wav,others,others,0.24398379,0.7560162
others_561.wav,others,others,0.24398449,0.7560155
others_562.wav,others,others,0.24398397,0.7560161
others_563.wav,others,others,0.24398403,0.75601596
others_564.wav,others,others,0.24398355,0.75601643
others_565.wav,others,others,0.2439837,0.7560164
others_566.wav,others,others,0.24398331,0.7560167
others_567.wav,others,others,0.2439826,0.7560174
others_568.wav,others,others,0.24398266,0.7560173
others_569.wav,others,others,0.24398361,0.75601643
others_570.wav,others,others,0.24398236,0.7560176
others_571.wav,others,others,0.24398327,0.7560168
others_572.wav,others,others,0.24398227,0.75601774
others_573.wav,others,others,0.2439823,0.7560177
others_574.wav,others,others,0.24398218,0.75601786
others_575.wav,others,others,0.24398378,0.7560162
others_576.wav,others,others,0.24398267,0.7560173
others_577.wav,others,others,0.24398182,0.75601816
others_578.wav,others,others,0.24398783,0.7560122
others_579.wav,others,others,0.24398492,0.7560151
others_580.wav,others,others,0.24398266,0.7560174
others_581.wav,others,others,0.24398954,0.7560105
others_582.wav,others,others,0.24398339,0.7560166
others_583.wav,others,others,0.24398246,0.75601757
others_584.wav,others,others,0.24399164,0.7560083
others_585.wav,others,others,0.24398763,0.7560124
others_586.wav,others,others,0.24398394,0.7560161
others_587.wav,others,others,0.24398659,0.7560134
others_588.wav,others,others,0.24398589,0.7560141
others_589.wav,others,others,0.24398403,0.75601596
others_590.wav,others,others,0.24398385,0.7560162
others_591.wav,others,others,0.24398425,0.7560157
others_592.wav,others,others,0.24398442,0.7560156
others_593.wav,others,others,0.24399352,0.75600654
others_594.wav,others,others,0.24398401,0.756016
others_595.wav,others,others,0.24398224,0.7560178
others_596.wav,others,others,0.24398354,0.75601643
others_597.wav,others,others,0.2439863,0.75601375
others_598.wav,others,others,0.24398386,0.75601614
others_599.wav,others,others,0.24398278,0.7560172
others_600.wav,others,others,0.2439847,0.75601524
water_shower_501.wav,water_shower,water_shower,0.74918973,0.25081027
water_shower_502.wav,water_shower,water_shower,0.7491901,0.25081
water_shower_503.wav,water_shower,water_shower,0.74918985,0.25081018
water_shower_504.wav,water_shower,water_shower,0.7491887,0.25081134
water_shower_505.wav,water_shower,water_shower,0.74919003,0.25080997
water_shower_506.wav,water_shower,water_shower,0.7491895,0.25081056
water_shower_507.wav,water_shower,water_shower,0.74919,0.2508101
water_shower_508.wav,water_shower,water_shower,0.74918973,0.2508103
water_shower_509.wav,water_shower,water_shower,0.749189,0.25081095
water_shower_510.wav,water_shower,water_shower,0.74919003,0.25080988
water_shower_511.wav,water_shower,water_shower,0.7491891,0.25081092
water_shower_512.wav,water_shower,water_shower,0.7491894,0.25081062
water_shower_513.wav,water_shower,water_shower,0.74919003,0.25081
water_shower_514.wav,water_shower,water_shower,0.7491901,0.25080997
water_shower_515.wav,water_shower,water_shower,0.7491899,0.25081012
water_shower_516.wav,water_shower,water_shower,0.74918956,0.25081044
water_shower_517.wav,water_shower,water_shower,0.74918973,0.25081035
water_shower_518.wav,water_shower,water_shower,0.7491898,0.25081024
water_shower_519.wav,water_shower,water_shower,0.74919,0.25081003
water_shower_520.wav,water_shower,water_shower,0.74919015,0.25080985
water_shower_521.wav,water_shower,water_shower,0.74919003,0.25081
water_shower_522.wav,water_shower,water_shower,0.7491898,0.25081024
water_shower_523.wav,water_shower,water_shower,0.7491901,0.2508099
water_shower_524.wav,water_shower,water_shower,0.7491898,0.2508102
water_shower_525.wav,water_shower,water_shower,0.74919015,0.25080988
water_shower_526.wav,water_shower,water_shower,0.74919015,0.25080988
water_shower_527.wav,water_shower,water_shower,0.74918604,0.25081396
water_shower_528.wav,water_shower,water_shower,0.7491891,0.25081095
water_shower_529.wav,water_shower,water_shower,0.749189,0.25081104
water_shower_530.wav,water_shower,water_shower,0.7491898,0.2508102
water_shower_531.wav,water_shower,water_shower,0.74919003,0.25080997
water_shower_532.wav,water_shower,water_shower,0.7491898,0.25081033
water_shower_533.wav,water_shower,water_shower,0.74919003,0.25081
water_shower_534.wav,water_shower,water_shower,0.7491893,0.25081068
water_shower_535.wav,water_shower,water_shower,0.74919003,0.25081
water_shower_536.wav,water_shower,water_shower,0.7491898,0.25081024
water_shower_537.wav,water_shower,water_shower,0.7491898,0.25081018
water_shower_538.wav,water_shower,water_shower,0.7491893,0.25081068
water_shower_539.wav,water_shower,water_shower,0.7491895,0.25081053
water_shower_540.wav,water_shower,water_shower,0.74918956,0.25081038
water_shower_541.wav,water_shower,water_shower,0.74919,0.25081
water_shower_542.wav,water_shower,water_shower,0.74918926,0.25081074
water_shower_543.wav,water_shower,water_shower,0.7491903,0.25080985
water_shower_544.wav,water_shower,water_shower,0.7491903,0.25080982
water_shower_545.wav,water_shower,water_shower,0.7491898,0.25081024
water_shower_546.wav,water_shower,water_shower,0.7491886,0.25081143
water_shower_547.wav,water_shower,water_shower,0.74918884,0.25081122
water_shower_548.wav,water_shower,water_shower,0.7491892,0.25081077
water_shower_549.wav,water_shower,water_shower,0.7491825,0.2508175
water_shower_550.wav,water_shower,water_shower,0.7491868,0.25081328
water_shower_551.wav,water_shower,water_shower,0.74918985,0.25081015
water_shower_552.wav,water_shower,water_shower,0.74918985,0.25081015
water_shower_553.wav,water_shower,water_shower,0.74918944,0.25081056
water_shower_554.wav,water_shower,water_shower,0.7491893,0.2508107
water_shower_555.wav,water_shower,water_shower,0.74918854,0.2508115
water_shower_556.wav,water_shower,water_shower,0.7491892,0.25081077
water_shower_557.wav,water_shower,water_shower,0.7491898,0.25081024
water_shower_558.wav,water_shower,water_shower,0.74918705,0.250813
water_shower_559.wav,water_shower,water_shower,0.7491896,0.25081047
water_shower_560.wav,water_shower,water_shower,0.7491901,0.25080997
water_shower_561.wav,water_shower,water_shower,0.74919003,0.25081003
water_shower_562.wav,water_shower,water_shower,0.54738116,0.45261884
water_shower_563.wav,water_shower,water_shower,0.64818895,0.35181105
water_shower_564.wav,water_shower,water_shower,0.7491842,0.25081584
water_shower_565.wav,water_shower,water_shower,0.74918723,0.25081277
water_shower_566.wav,water_shower,water_shower,0.7491881,0.25081185
water_shower_567.wav,water_shower,water_shower,0.74919,0.25081
water_shower_568.wav,water_shower,water_shower,0.74919003,0.25080997
water_shower_569.wav,water_shower,water_shower,0.74918664,0.2508134
water_shower_570.wav,water_shower,water_shower,0.7491894,0.25081062
water_shower_571.wav,water_shower,water_shower,0.7491898,0.25081024
water_shower_572.wav,water_shower,water_shower,0.7491892,0.25081083
water_shower_573.wav,water_shower,water_shower,0.7491891,0.25081086
water_shower_574.wav,water_shower,water_shower,0.7491898,0.2508102
water_shower_575.wav,water_shower,water_shower,0.74918795,0.25081208
water_shower_576.wav,water_shower,water_shower,0.7491885,0.25081152
water_shower_577.wav,water_shower,water_shower,0.7489629,0.25103712
water_shower_578.wav,water_shower,water_shower,0.7489851,0.25101495
water_shower_579.wav,water_shower,water_shower,0.7491897,0.25081033
water_shower_580.wav,water_shower,water_shower,0.7491893,0.2508107
water_shower_581.wav,water_shower,water_shower,0.74918854,0.25081155
water_shower_582.wav,water_shower,water_shower,0.74918896,0.2508111
water_shower_583.wav,water_shower,water_shower,0.7491885,0.25081155
water_shower_584.wav,water_shower,water_shower,0.7491889,0.2508112
water_shower_585.wav,water_shower,water_shower,0.7491887,0.2508113
water_shower_586.wav,water_shower,water_shower,0.7491851,0.2508149
water_shower_587.wav,water_shower,water_shower,0.7491882,0.25081182
water_shower_588.wav,water_shower,water_shower,0.74917656,0.25082347
water_shower_589.wav,water_shower,water_shower,0.74918646,0.25081363
water_shower_590.wav,water_shower,water_shower,0.7491883,0.25081167
water_shower_591.wav,water_shower,water_shower,0.7491892,0.25081083
water_shower_592.wav,water_shower,water_shower,0.7491845,0.25081554
water_shower_593.wav,water_shower,water_shower,0.7489075,0.25109243
water_shower_594.wav,water_shower,water_shower,0.7491853,0.25081465
water_shower_595.wav,water_shower,water_shower,0.74918526,0.25081477
water_shower_596.wav,water_shower,water_shower,0.7491891,0.2508109
water_shower_597.wav,water_shower,water_shower,0.74918896,0.25081107
water_shower_598.wav,water_shower,water_shower,0.7491879,0.25081214
water_shower_599.wav,water_shower,water_shower,0.74919003,0.25080997
water_shower_600.wav,water_shower,water_shower,0.74919003,0.25080997
