path,label
/content/drive/MyDrive/mark4.7/data/test/others_501.wav,others
/content/drive/MyDrive/mark4.7/data/test/others_502.wav,others
/content/drive/MyDrive/mark4.7/data/test/others_503.wav,others
/content/drive/MyDrive/mark4.7/data/test/others_504.wav,others
/content/drive/MyDrive/mark4.7/data/test/others_505.wav,others
/content/drive/MyDrive/mark4.7/data/test/others_506.wav,others
/content/drive/MyDrive/mark4.7/data/test/others_507.wav,others
/content/drive/MyDrive/mark4.7/data/test/others_508.wav,others
/content/drive/MyDrive/mark4.7/data/test/others_509.wav,others
/content/drive/MyDrive/mark4.7/data/test/others_510.wav,others
/content/drive/MyDrive/mark4.7/data/test/others_511.wav,others
/content/drive/MyDrive/mark4.7/data/test/others_512.wav,others
/content/drive/MyDrive/mark4.7/data/test/others_513.wav,others
/content/drive/MyDrive/mark4.7/data/test/others_514.wav,others
/content/drive/MyDrive/mark4.7/data/test/others_515.wav,others
/content/drive/MyDrive/mark4.7/data/test/others_516.wav,others
/content/drive/MyDrive/mark4.7/data/test/others_517.wav,others
/content/drive/MyDrive/mark4.7/data/test/others_518.wav,others
/content/drive/MyDrive/mark4.7/data/test/others_519.wav,others
/content/drive/MyDrive/mark4.7/data/test/others_520.wav,others
/content/drive/MyDrive/mark4.7/data/test/others_521.wav,others
/content/drive/MyDrive/mark4.7/data/test/others_522.wav,others
/content/drive/MyDrive/mark4.7/data/test/others_523.wav,others
/content/drive/MyDrive/mark4.7/data/test/others_524.wav,others
/content/drive/MyDrive/mark4.7/data/test/others_525.wav,others
/content/drive/MyDrive/mark4.7/data/test/others_526.wav,others
/content/drive/MyDrive/mark4.7/data/test/others_527.wav,others
/content/drive/MyDrive/mark4.7/data/test/others_528.wav,others
/content/drive/MyDrive/mark4.7/data/test/others_529.wav,others
/content/drive/MyDrive/mark4.7/data/test/others_530.wav,others
/content/drive/MyDrive/mark4.7/data/test/others_531.wav,others
/content/drive/MyDrive/mark4.7/data/test/others_532.wav,others
/content/drive/MyDrive/mark4.7/data/test/others_533.wav,others
/content/drive/MyDrive/mark4.7/data/test/others_534.wav,others
/content/drive/MyDrive/mark4.7/data/test/others_535.wav,others
/content/drive/MyDrive/mark4.7/data/test/others_536.wav,others
/content/drive/MyDrive/mark4.7/data/test/others_537.wav,others
/content/drive/MyDrive/mark4.7/data/test/others_538.wav,others
/content/drive/MyDrive/mark4.7/data/test/others_539.wav,others
/content/drive/MyDrive/mark4.7/data/test/others_540.wav,others
/content/drive/MyDrive/mark4.7/data/test/others_541.wav,others
/content/drive/MyDrive/mark4.7/data/test/others_542.wav,others
/content/drive/MyDrive/mark4.7/data/test/others_543.wav,others
/content/drive/MyDrive/mark4.7/data/test/others_544.wav,others
/content/drive/MyDrive/mark4.7/data/test/others_545.wav,others
/content/drive/MyDrive/mark4.7/data/test/others_546.wav,others
/content/drive/MyDrive/mark4.7/data/test/others_547.wav,others
/content/drive/MyDrive/mark4.7/data/test/others_548.wav,others
/content/drive/MyDrive/mark4.7/data/test/others_549.wav,others
/content/drive/MyDrive/mark4.7/data/test/others_550.wav,others
/content/drive/MyDrive/mark4.7/data/test/others_551.wav,others
/content/drive/MyDrive/mark4.7/data/test/others_552.wav,others
/content/drive/MyDrive/mark4.7/data/test/others_553.wav,others
/content/drive/MyDrive/mark4.7/data/test/others_554.wav,others
/content/drive/MyDrive/mark4.7/data/test/others_555.wav,others
/content/drive/MyDrive/mark4.7/data/test/others_556.wav,others
/content/drive/MyDrive/mark4.7/data/test/others_557.wav,others
/content/drive/MyDrive/mark4.7/data/test/others_558.wav,others
/content/drive/MyDrive/mark4.7/data/test/others_559.wav,others
/content/drive/MyDrive/mark4.7/data/test/others_560.wav,others
/content/drive/MyDrive/mark4.7/data/test/others_561.wav,others
/content/drive/MyDrive/mark4.7/data/test/others_562.wav,others
/content/drive/MyDrive/mark4.7/data/test/others_563.wav,others
/content/drive/MyDrive/mark4.7/data/test/others_564.wav,others
/content/drive/MyDrive/mark4.7/data/test/others_565.wav,others
/content/drive/MyDrive/mark4.7/data/test/others_566.wav,others
/content/drive/MyDrive/mark4.7/data/test/others_567.wav,others
/content/drive/MyDrive/mark4.7/data/test/others_568.wav,others
/content/drive/MyDrive/mark4.7/data/test/others_569.wav,others
/content/drive/MyDrive/mark4.7/data/test/others_570.wav,others
/content/drive/MyDrive/mark4.7/data/test/others_571.wav,others
/content/drive/MyDrive/mark4.7/data/test/others_572.wav,others
/content/drive/MyDrive/mark4.7/data/test/others_573.wav,others
/content/drive/MyDrive/mark4.7/data/test/others_574.wav,others
/content/drive/MyDrive/mark4.7/data/test/others_575.wav,others
/content/drive/MyDrive/mark4.7/data/test/others_576.wav,others
/content/drive/MyDrive/mark4.7/data/test/others_577.wav,others
/content/drive/MyDrive/mark4.7/data/test/others_578.wav,others
/content/drive/MyDrive/mark4.7/data/test/others_579.wav,others
/content/drive/MyDrive/mark4.7/data/test/others_580.wav,others
/content/drive/MyDrive/mark4.7/data/test/others_581.wav,others
/content/drive/MyDrive/mark4.7/data/test/others_582.wav,others
/content/drive/MyDrive/mark4.7/data/test/others_583.wav,others
/content/drive/MyDrive/mark4.7/data/test/others_584.wav,others
/content/drive/MyDrive/mark4.7/data/test/others_585.wav,others
/content/drive/MyDrive/mark4.7/data/test/others_586.wav,others
/content/drive/MyDrive/mark4.7/data/test/others_587.wav,others
/content/drive/MyDrive/mark4.7/data/test/others_588.wav,others
/content/drive/MyDrive/mark4.7/data/test/others_589.wav,others
/content/drive/MyDrive/mark4.7/data/test/others_590.wav,others
/content/drive/MyDrive/mark4.7/data/test/others_591.wav,others
/content/drive/MyDrive/mark4.7/data/test/others_592.wav,others
/content/drive/MyDrive/mark4.7/data/test/others_593.wav,others
/content/drive/MyDrive/mark4.7/data/test/others_594.wav,others
/content/drive/MyDrive/mark4.7/data/test/others_595.wav,others
/content/drive/MyDrive/mark4.7/data/test/others_596.wav,others
/content/drive/MyDrive/mark4.7/data/test/others_597.wav,others
/content/drive/MyDrive/mark4.7/data/test/others_598.wav,others
/content/drive/MyDrive/mark4.7/data/test/others_599.wav,others
/content/drive/MyDrive/mark4.7/data/test/others_600.wav,others
/content/drive/MyDrive/mark4.7/data/test/water_shower_501.wav,water_shower
/content/drive/MyDrive/mark4.7/data/test/water_shower_502.wav,water_shower
/content/drive/MyDrive/mark4.7/data/test/water_shower_503.wav,water_shower
/content/drive/MyDrive/mark4.7/data/test/water_shower_504.wav,water_shower
/content/drive/MyDrive/mark4.7/data/test/water_shower_505.wav,water_shower
/content/drive/MyDrive/mark4.7/data/test/water_shower_506.wav,water_shower
/content/drive/MyDrive/mark4.7/data/test/water_shower_507.wav,water_shower
/content/drive/MyDrive/mark4.7/data/test/water_shower_508.wav,water_shower
/content/drive/MyDrive/mark4.7/data/test/water_shower_509.wav,water_shower
/content/drive/MyDrive/mark4.7/data/test/water_shower_510.wav,water_shower
/content/drive/MyDrive/mark4.7/data/test/water_shower_511.wav,water_shower
/content/drive/MyDrive/mark4.7/data/test/water_shower_512.wav,water_shower
/content/drive/MyDrive/mark4.7/data/test/water_shower_513.wav,water_shower
/content/drive/MyDrive/mark4.7/data/test/water_shower_514.wav,water_shower
/content/drive/MyDrive/mark4.7/data/test/water_shower_515.wav,water_shower
/content/drive/MyDrive/mark4.7/data/test/water_shower_516.wav,water_shower
/content/drive/MyDrive/mark4.7/data/test/water_shower_517.wav,water_shower
/content/drive/MyDrive/mark4.7/data/test/water_shower_518.wav,water_shower
/content/drive/MyDrive/mark4.7/data/test/water_shower_519.wav,water_shower
/content/drive/MyDrive/mark4.7/data/test/water_shower_520.wav,water_shower
/content/drive/MyDrive/mark4.7/data/test/water_shower_521.wav,water_shower
/content/drive/MyDrive/mark4.7/data/test/water_shower_522.wav,water_shower
/content/drive/MyDrive/mark4.7/data/test/water_shower_523.wav,water_shower
/content/drive/MyDrive/mark4.7/data/test/water_shower_524.wav,water_shower
/content/drive/MyDrive/mark4.7/data/test/water_shower_525.wav,water_shower
/content/drive/MyDrive/mark4.7/data/test/water_shower_526.wav,water_shower
/content/drive/MyDrive/mark4.7/data/test/water_shower_527.wav,water_shower
/content/drive/MyDrive/mark4.7/data/test/water_shower_528.wav,water_shower
/content/drive/MyDrive/mark4.7/data/test/water_shower_529.wav,water_shower
/content/drive/MyDrive/mark4.7/data/test/water_shower_530.wav,water_shower
/content/drive/MyDrive/mark4.7/data/test/water_shower_531.wav,water_shower
/content/drive/MyDrive/mark4.7/data/test/water_shower_532.wav,water_shower
/content/drive/MyDrive/mark4.7/data/test/water_shower_533.wav,water_shower
/content/drive/MyDrive/mark4.7/data/test/water_shower_534.wav,water_shower
/content/drive/MyDrive/mark4.7/data/test/water_shower_535.wav,water_shower
/content/drive/MyDrive/mark4.7/data/test/water_shower_536.wav,water_shower
/content/drive/MyDrive/mark4.7/data/test/water_shower_537.wav,water_shower
/content/drive/MyDrive/mark4.7/data/test/water_shower_538.wav,water_shower
/content/drive/MyDrive/mark4.7/data/test/water_shower_539.wav,water_shower
/content/drive/MyDrive/mark4.7/data/test/water_shower_540.wav,water_shower
/content/drive/MyDrive/mark4.7/data/test/water_shower_541.wav,water_shower
/content/drive/MyDrive/mark4.7/data/test/water_shower_542.wav,water_shower
/content/drive/MyDrive/mark4.7/data/test/water_shower_543.wav,water_shower
/content/drive/MyDrive/mark4.7/data/test/water_shower_544.wav,water_shower
/content/drive/MyDrive/mark4.7/data/test/water_shower_545.wav,water_shower
/content/drive/MyDrive/mark4.7/data/test/water_shower_546.wav,water_shower
/content/drive/MyDrive/mark4.7/data/test/water_shower_547.wav,water_shower
/content/drive/MyDrive/mark4.7/data/test/water_shower_548.wav,water_shower
/content/drive/MyDrive/mark4.7/data/test/water_shower_549.wav,water_shower
/content/drive/MyDrive/mark4.7/data/test/water_shower_550.wav,water_shower
/content/drive/MyDrive/mark4.7/data/test/water_shower_551.wav,water_shower
/content/drive/MyDrive/mark4.7/data/test/water_shower_552.wav,water_shower
/content/drive/MyDrive/mark4.7/data/test/water_shower_553.wav,water_shower
/content/drive/MyDrive/mark4.7/data/test/water_shower_554.wav,water_shower
/content/drive/MyDrive/mark4.7/data/test/water_shower_555.wav,water_shower
/content/drive/MyDrive/mark4.7/data/test/water_shower_556.wav,water_shower
/content/drive/MyDrive/mark4.7/data/test/water_shower_557.wav,water_shower
/content/drive/MyDrive/mark4.7/data/test/water_shower_558.wav,water_shower
/content/drive/MyDrive/mark4.7/data/test/water_shower_559.wav,water_shower
/content/drive/MyDrive/mark4.7/data/test/water_shower_560.wav,water_shower
/content/drive/MyDrive/mark4.7/data/test/water_shower_561.wav,water_shower
/content/drive/MyDrive/mark4.7/data/test/water_shower_562.wav,water_shower
/content/drive/MyDrive/mark4.7/data/test/water_shower_563.wav,water_shower
/content/drive/MyDrive/mark4.7/data/test/water_shower_564.wav,water_shower
/content/drive/MyDrive/mark4.7/data/test/water_shower_565.wav,water_shower
/content/drive/MyDrive/mark4.7/data/test/water_shower_566.wav,water_shower
/content/drive/MyDrive/mark4.7/data/test/water_shower_567.wav,water_shower
/content/drive/MyDrive/mark4.7/data/test/water_shower_568.wav,water_shower
/content/drive/MyDrive/mark4.7/data/test/water_shower_569.wav,water_shower
/content/drive/MyDrive/mark4.7/data/test/water_shower_570.wav,water_shower
/content/drive/MyDrive/mark4.7/data/test/water_shower_571.wav,water_shower
/content/drive/MyDrive/mark4.7/data/test/water_shower_572.wav,water_shower
/content/drive/MyDrive/mark4.7/data/test/water_shower_573.wav,water_shower
/content/drive/MyDrive/mark4.7/data/test/water_shower_574.wav,water_shower
/content/drive/MyDrive/mark4.7/data/test/water_shower_575.wav,water_shower
/content/drive/MyDrive/mark4.7/data/test/water_shower_576.wav,water_shower
/content/drive/MyDrive/mark4.7/data/test/water_shower_577.wav,water_shower
/content/drive/MyDrive/mark4.7/data/test/water_shower_578.wav,water_shower
/content/drive/MyDrive/mark4.7/data/test/water_shower_579.wav,water_shower
/content/drive/MyDrive/mark4.7/data/test/water_shower_580.wav,water_shower
/content/drive/MyDrive/mark4.7/data/test/water_shower_581.wav,water_shower
/content/drive/MyDrive/mark4.7/data/test/water_shower_582.wav,water_shower
/content/drive/MyDrive/mark4.7/data/test/water_shower_583.wav,water_shower
/content/drive/MyDrive/mark4.7/data/test/water_shower_584.wav,water_shower
/content/drive/MyDrive/mark4.7/data/test/water_shower_585.wav,water_shower
/content/drive/MyDrive/mark4.7/data/test/water_shower_586.wav,water_shower
/content/drive/MyDrive/mark4.7/data/test/water_shower_587.wav,water_shower
/content/drive/MyDrive/mark4.7/data/test/water_shower_588.wav,water_shower
/content/drive/MyDrive/mark4.7/data/test/water_shower_589.wav,water_shower
/content/drive/MyDrive/mark4.7/data/test/water_shower_590.wav,water_shower
/content/drive/MyDrive/mark4.7/data/test/water_shower_591.wav,water_shower
/content/drive/MyDrive/mark4.7/data/test/water_shower_592.wav,water_shower
/content/drive/MyDrive/mark4.7/data/test/water_shower_593.wav,water_shower
/content/drive/MyDrive/mark4.7/data/test/water_shower_594.wav,water_shower
/content/drive/MyDrive/mark4.7/data/test/water_shower_595.wav,water_shower
/content/drive/MyDrive/mark4.7/data/test/water_shower_596.wav,water_shower
/content/drive/MyDrive/mark4.7/data/test/water_shower_597.wav,water_shower
/content/drive/MyDrive/mark4.7/data/test/water_shower_598.wav,water_shower
/content/drive/MyDrive/mark4.7/data/test/water_shower_599.wav,water_shower
/content/drive/MyDrive/mark4.7/data/test/water_shower_600.wav,water_shower
/content/drive/MyDrive/mark4.7/data/train/others_1.wav,others
/content/drive/MyDrive/mark4.7/data/train/others_10.wav,others
/content/drive/MyDrive/mark4.7/data/train/others_100.wav,others
/content/drive/MyDrive/mark4.7/data/train/others_101.wav,others
/content/drive/MyDrive/mark4.7/data/train/others_102.wav,others
/content/drive/MyDrive/mark4.7/data/train/others_103.wav,others
/content/drive/MyDrive/mark4.7/data/train/others_104.wav,others
/content/drive/MyDrive/mark4.7/data/train/others_105.wav,others
/content/drive/MyDrive/mark4.7/data/train/others_106.wav,others
/content/drive/MyDrive/mark4.7/data/train/others_107.wav,others
/content/drive/MyDrive/mark4.7/data/train/others_108.wav,others
/content/drive/MyDrive/mark4.7/data/train/others_109.wav,others
/content/drive/MyDrive/mark4.7/data/train/others_11.wav,others
/content/drive/MyDrive/mark4.7/data/train/others_110.wav,others
/content/drive/MyDrive/mark4.7/data/train/others_111.wav,others
/content/drive/MyDrive/mark4.7/data/train/others_112.wav,others
/content/drive/MyDrive/mark4.7/data/train/others_113.wav,others
/content/drive/MyDrive/mark4.7/data/train/others_114.wav,others
/content/drive/MyDrive/mark4.7/data/train/others_115.wav,others
/content/drive/MyDrive/mark4.7/data/train/others_116.wav,others
/content/drive/MyDrive/mark4.7/data/train/others_117.wav,others
/content/drive/MyDrive/mark4.7/data/train/others_118.wav,others
/content/drive/MyDrive/mark4.7/data/train/others_119.wav,others
/content/drive/MyDrive/mark4.7/data/train/others_12.wav,others
/content/drive/MyDrive/mark4.7/data/train/others_120.wav,others
/content/drive/MyDrive/mark4.7/data/train/others_121.wav,others
/content/drive/MyDrive/mark4.7/data/train/others_122.wav,others
/content/drive/MyDrive/mark4.7/data/train/others_123.wav,others
/content/drive/MyDrive/mark4.7/data/train/others_124.wav,others
/content/drive/MyDrive/mark4.7/data/train/others_125.wav,others
/content/drive/MyDrive/mark4.7/data/train/others_126.wav,others
/content/drive/MyDrive/mark4.7/data/train/others_127.wav,others
/content/drive/MyDrive/mark4.7/data/train/others_128.wav,others
/content/drive/MyDrive/mark4.7/data/train/others_129.wav,others
/content/drive/MyDrive/mark4.7/data/train/others_13.wav,others
/content/drive/MyDrive/mark4.7/data/train/others_130.wav,others
/content/drive/MyDrive/mark4.7/data/train/others_131.wav,others
/content/drive/MyDrive/mark4.7/data/train/others_132.wav,others
/content/drive/MyDrive/mark4.7/data/train/others_133.wav,others
/content/drive/MyDrive/mark4.7/data/train/others_134.wav,others
/content/drive/MyDrive/mark4.7/data/train/others_135.wav,others
/content/drive/MyDrive/mark4.7/data/train/others_136.wav,others
/content/drive/MyDrive/mark4.7/data/train/others_137.wav,others
/content/drive/MyDrive/mark4.7/data/train/others_138.wav,others
/content/drive/MyDrive/mark4.7/data/train/others_139.wav,others
/content/drive/MyDrive/mark4.7/data/train/others_14.wav,others
/content/drive/MyDrive/mark4.7/data/train/others_140.wav,others
/content/drive/MyDrive/mark4.7/data/train/others_141.wav,others
/content/drive/MyDrive/mark4.7/data/train/others_142.wav,others
/content/drive/MyDrive/mark4.7/data/train/others_143.wav,others
/content/drive/MyDrive/mark4.7/data/train/others_144.wav,others
/content/drive/MyDrive/mark4.7/data/train/others_145.wav,others
/content/drive/MyDrive/mark4.7/data/train/others_146.wav,others
/content/drive/MyDrive/mark4.7/data/train/others_147.wav,others
/content/drive/MyDrive/mark4.7/data/train/others_148.wav,others
/content/drive/MyDrive/mark4.7/data/train/others_149.wav,others
/content/drive/MyDrive/mark4.7/data/train/others_15.wav,others
/content/drive/MyDrive/mark4.7/data/train/others_150.wav,others
/content/drive/MyDrive/mark4.7/data/train/others_151.wav,others
/content/drive/MyDrive/mark4.7/data/train/others_152.wav,others
/content/drive/MyDrive/mark4.7/data/train/others_153.wav,others
/content/drive/MyDrive/mark4.7/data/train/others_154.wav,others
/content/drive/MyDrive/mark4.7/data/train/others_155.wav,others
/content/drive/MyDrive/mark4.7/data/train/others_156.wav,others
/content/drive/MyDrive/mark4.7/data/train/others_157.wav,others
/content/drive/MyDrive/mark4.7/data/train/others_158.wav,others
/content/drive/MyDrive/mark4.7/data/train/others_159.wav,others
/content/drive/MyDrive/mark4.7/data/train/others_16.wav,others
/content/drive/MyDrive/mark4.7/data/train/others_160.wav,others
/content/drive/MyDrive/mark4.7/data/train/others_161.wav,others
/content/drive/MyDrive/mark4.7/data/train/others_162.wav,others
/content/drive/MyDrive/mark4.7/data/train/others_163.wav,others
/content/drive/MyDrive/mark4.7/data/train/others_164.wav,others
/content/drive/MyDrive/mark4.7/data/train/others_165.wav,others
/content/drive/MyDrive/mark4.7/data/train/others_166.wav,others
/content/drive/MyDrive/mark4.7/data/train/others_167.wav,others
/content/drive/MyDrive/mark4.7/data/train/others_168.wav,others
/content/drive/MyDrive/mark4.7/data/train/others_169.wav,others
/content/drive/MyDrive/mark4.7/data/train/others_17.wav,others
/content/drive/MyDrive/mark4.7/data/train/others_170.wav,others
/content/drive/MyDrive/mark4.7/data/train/others_171.wav,others
/content/drive/MyDrive/mark4.7/data/train/others_172.wav,others
/content/drive/MyDrive/mark4.7/data/train/others_173.wav,others
/content/drive/MyDrive/mark4.7/data/train/others_174.wav,others
/content/drive/MyDrive/mark4.7/data/train/others_175.wav,others
/content/drive/MyDrive/mark4.7/data/train/others_176.wav,others
/content/drive/MyDrive/mark4.7/data/train/others_177.wav,others
/content/drive/MyDrive/mark4.7/data/train/others_178.wav,others
/content/drive/MyDrive/mark4.7/data/train/others_179.wav,others
/content/drive/MyDrive/mark4.7/data/train/others_18.wav,others
/content/drive/MyDrive/mark4.7/data/train/others_180.wav,others
/content/drive/MyDrive/mark4.7/data/train/others_181.wav,others
/content/drive/MyDrive/mark4.7/data/train/others_182.wav,others
/content/drive/MyDrive/mark4.7/data/train/others_183.wav,others
/content/drive/MyDrive/mark4.7/data/train/others_184.wav,others
/content/drive/MyDrive/mark4.7/data/train/others_185.wav,others
/content/drive/MyDrive/mark4.7/data/train/others_186.wav,others
/content/drive/MyDrive/mark4.7/data/train/others_187.wav,others
/content/drive/MyDrive/mark4.7/data/train/others_188.wav,others
/content/drive/MyDrive/mark4.7/data/train/others_189.wav,others
/content/drive/MyDrive/mark4.7/data/train/others_19.wav,others
/content/drive/MyDrive/mark4.7/data/train/others_190.wav,others
/content/drive/MyDrive/mark4.7/data/train/others_191.wav,others
/content/drive/MyDrive/mark4.7/data/train/others_192.wav,others
/content/drive/MyDrive/mark4.7/data/train/others_193.wav,others
/content/drive/MyDrive/mark4.7/data/train/others_194.wav,others
/content/drive/MyDrive/mark4.7/data/train/others_195.wav,others
/content/drive/MyDrive/mark4.7/data/train/others_196.wav,others
/content/drive/MyDrive/mark4.7/data/train/others_197.wav,others
/content/drive/MyDrive/mark4.7/data/train/others_198.wav,others
/content/drive/MyDrive/mark4.7/data/train/others_199.wav,others
/content/drive/MyDrive/mark4.7/data/train/others_2.wav,others
/content/drive/MyDrive/mark4.7/data/train/others_20.wav,others
/content/drive/MyDrive/mark4.7/data/train/others_200.wav,others
/content/drive/MyDrive/mark4.7/data/train/others_201.wav,others
/content/drive/MyDrive/mark4.7/data/train/others_202.wav,others
/content/drive/MyDrive/mark4.7/data/train/others_203.wav,others
/content/drive/MyDrive/mark4.7/data/train/others_204.wav,others
/content/drive/MyDrive/mark4.7/data/train/others_205.wav,others
/content/drive/MyDrive/mark4.7/data/train/others_206.wav,others
/content/drive/MyDrive/mark4.7/data/train/others_207.wav,others
/content/drive/MyDrive/mark4.7/data/train/others_208.wav,others
/content/drive/MyDrive/mark4.7/data/train/others_209.wav,others
/content/drive/MyDrive/mark4.7/data/train/others_21.wav,others
/content/drive/MyDrive/mark4.7/data/train/others_210.wav,others
/content/drive/MyDrive/mark4.7/data/train/others_211.wav,others
/content/drive/MyDrive/mark4.7/data/train/others_212.wav,others
/content/drive/MyDrive/mark4.7/data/train/others_213.wav,others
/content/drive/MyDrive/mark4.7/data/train/others_214.wav,others
/content/drive/MyDrive/mark4.7/data/train/others_215.wav,others
/content/drive/MyDrive/mark4.7/data/train/others_216.wav,others
/content/drive/MyDrive/mark4.7/data/train/others_217.wav,others
/content/drive/MyDrive/mark4.7/data/train/others_218.wav,others
/content/drive/MyDrive/mark4.7/data/train/others_219.wav,others
/content/drive/MyDrive/mark4.7/data/train/others_22.wav,others
/content/drive/MyDrive/mark4.7/data/train/others_220.wav,others
/content/drive/MyDrive/mark4.7/data/train/others_221.wav,others
/content/drive/MyDrive/mark4.7/data/train/others_222.wav,others
/content/drive/MyDrive/mark4.7/data/train/others_223.wav,others
/content/drive/MyDrive/mark4.7/data/train/others_224.wav,others
/content/drive/MyDrive/mark4.7/data/train/others_225.wav,others
/content/drive/MyDrive/mark4.7/data/train/others_226.wav,others
/content/drive/MyDrive/mark4.7/data/train/others_227.wav,others
/content/drive/MyDrive/mark4.7/data/train/others_228.wav,others
/content/drive/MyDrive/mark4.7/data/train/others_229.wav,others
/content/drive/MyDrive/mark4.7/data/train/others_23.wav,others
/content/drive/MyDrive/mark4.7/data/train/others_230.wav,others
/content/drive/MyDrive/mark4.7/data/train/others_231.wav,others
/content/drive/MyDrive/mark4.7/data/train/others_232.wav,others
/content/drive/MyDrive/mark4.7/data/train/others_233.wav,others
/content/drive/MyDrive/mark4.7/data/train/others_234.wav,others
/content/drive/MyDrive/mark4.7/data/train/others_235.wav,others
/content/drive/MyDrive/mark4.7/data/train/others_236.wav,others
/content/drive/MyDrive/mark4.7/data/train/others_237.wav,others
/content/drive/MyDrive/mark4.7/data/train/others_238.wav,others
/content/drive/MyDrive/mark4.7/data/train/others_239.wav,others
/content/drive/MyDrive/mark4.7/data/train/others_24.wav,others
/content/drive/MyDrive/mark4.7/data/train/others_240.wav,others
/content/drive/MyDrive/mark4.7/data/train/others_241.wav,others
/content/drive/MyDrive/mark4.7/data/train/others_242.wav,others
/content/drive/MyDrive/mark4.7/data/train/others_243.wav,others
/content/drive/MyDrive/mark4.7/data/train/others_244.wav,others
/content/drive/MyDrive/mark4.7/data/train/others_245.wav,others
/content/drive/MyDrive/mark4.7/data/train/others_246.wav,others
/content/drive/MyDrive/mark4.7/data/train/others_247.wav,others
/content/drive/MyDrive/mark4.7/data/train/others_248.wav,others
/content/drive/MyDrive/mark4.7/data/train/others_249.wav,others
/content/drive/MyDrive/mark4.7/data/train/others_25.wav,others
/content/drive/MyDrive/mark4.7/data/train/others_250.wav,others
/content/drive/MyDrive/mark4.7/data/train/others_251.wav,others
/content/drive/MyDrive/mark4.7/data/train/others_252.wav,others
/content/drive/MyDrive/mark4.7/data/train/others_253.wav,others
/content/drive/MyDrive/mark4.7/data/train/others_254.wav,others
/content/drive/MyDrive/mark4.7/data/train/others_255.wav,others
/content/drive/MyDrive/mark4.7/data/train/others_256.wav,others
/content/drive/MyDrive/mark4.7/data/train/others_257.wav,others
/content/drive/MyDrive/mark4.7/data/train/others_258.wav,others
/content/drive/MyDrive/mark4.7/data/train/others_259.wav,others
/content/drive/MyDrive/mark4.7/data/train/others_26.wav,others
/content/drive/MyDrive/mark4.7/data/train/others_260.wav,others
/content/drive/MyDrive/mark4.7/data/train/others_261.wav,others
/content/drive/MyDrive/mark4.7/data/train/others_262.wav,others
/content/drive/MyDrive/mark4.7/data/train/others_263.wav,others
/content/drive/MyDrive/mark4.7/data/train/others_264.wav,others
/content/drive/MyDrive/mark4.7/data/train/others_265.wav,others
/content/drive/MyDrive/mark4.7/data/train/others_266.wav,others
/content/drive/MyDrive/mark4.7/data/train/others_267.wav,others
/content/drive/MyDrive/mark4.7/data/train/others_268.wav,others
/content/drive/MyDrive/mark4.7/data/train/others_269.wav,others
/content/drive/MyDrive/mark4.7/data/train/others_27.wav,others
/content/drive/MyDrive/mark4.7/data/train/others_270.wav,others
/content/drive/MyDrive/mark4.7/data/train/others_271.wav,others
/content/drive/MyDrive/mark4.7/data/train/others_272.wav,others
/content/drive/MyDrive/mark4.7/data/train/others_273.wav,others
/content/drive/MyDrive/mark4.7/data/train/others_274.wav,others
/content/drive/MyDrive/mark4.7/data/train/others_275.wav,others
/content/drive/MyDrive/mark4.7/data/train/others_276.wav,others
/content/drive/MyDrive/mark4.7/data/train/others_277.wav,others
/content/drive/MyDrive/mark4.7/data/train/others_278.wav,others
/content/drive/MyDrive/mark4.7/data/train/others_279.wav,others
/content/drive/MyDrive/mark4.7/data/train/others_28.wav,others
/content/drive/MyDrive/mark4.7/data/train/others_280.wav,others
/content/drive/MyDrive/mark4.7/data/train/others_281.wav,others
/content/drive/MyDrive/mark4.7/data/train/others_282.wav,others
/content/drive/MyDrive/mark4.7/data/train/others_283.wav,others
/content/drive/MyDrive/mark4.7/data/train/others_284.wav,others
/content/drive/MyDrive/mark4.7/data/train/others_285.wav,others
/content/drive/MyDrive/mark4.7/data/train/others_286.wav,others
/content/drive/MyDrive/mark4.7/data/train/others_287.wav,others
/content/drive/MyDrive/mark4.7/data/train/others_288.wav,others
/content/drive/MyDrive/mark4.7/data/train/others_289.wav,others
/content/drive/MyDrive/mark4.7/data/train/others_29.wav,others
/content/drive/MyDrive/mark4.7/data/train/others_290.wav,others
/content/drive/MyDrive/mark4.7/data/train/others_291.wav,others
/content/drive/MyDrive/mark4.7/data/train/others_292.wav,others
/content/drive/MyDrive/mark4.7/data/train/others_293.wav,others
/content/drive/MyDrive/mark4.7/data/train/others_294.wav,others
/content/drive/MyDrive/mark4.7/data/train/others_295.wav,others
/content/drive/MyDrive/mark4.7/data/train/others_296.wav,others
/content/drive/MyDrive/mark4.7/data/train/others_297.wav,others
/content/drive/MyDrive/mark4.7/data/train/others_298.wav,others
/content/drive/MyDrive/mark4.7/data/train/others_299.wav,others
/content/drive/MyDrive/mark4.7/data/train/others_3.wav,others
/content/drive/MyDrive/mark4.7/data/train/others_30.wav,others
/content/drive/MyDrive/mark4.7/data/train/others_300.wav,others
/content/drive/MyDrive/mark4.7/data/train/others_301.wav,others
/content/drive/MyDrive/mark4.7/data/train/others_302.wav,others
/content/drive/MyDrive/mark4.7/data/train/others_303.wav,others
/content/drive/MyDrive/mark4.7/data/train/others_304.wav,others
/content/drive/MyDrive/mark4.7/data/train/others_305.wav,others
/content/drive/MyDrive/mark4.7/data/train/others_306.wav,others
/content/drive/MyDrive/mark4.7/data/train/others_307.wav,others
/content/drive/MyDrive/mark4.7/data/train/others_308.wav,others
/content/drive/MyDrive/mark4.7/data/train/others_309.wav,others
/content/drive/MyDrive/mark4.7/data/train/others_31.wav,others
/content/drive/MyDrive/mark4.7/data/train/others_310.wav,others
/content/drive/MyDrive/mark4.7/data/train/others_311.wav,others
/content/drive/MyDrive/mark4.7/data/train/others_312.wav,others
/content/drive/MyDrive/mark4.7/data/train/others_313.wav,others
/content/drive/MyDrive/mark4.7/data/train/others_314.wav,others
/content/drive/MyDrive/mark4.7/data/train/others_315.wav,others
/content/drive/MyDrive/mark4.7/data/train/others_316.wav,others
/content/drive/MyDrive/mark4.7/data/train/others_317.wav,others
/content/drive/MyDrive/mark4.7/data/train/others_318.wav,others
/content/drive/MyDrive/mark4.7/data/train/others_319.wav,others
/content/drive/MyDrive/mark4.7/data/train/others_32.wav,others
/content/drive/MyDrive/mark4.7/data/train/others_320.wav,others
/content/drive/MyDrive/mark4.7/data/train/others_321.wav,others
/content/drive/MyDrive/mark4.7/data/train/others_322.wav,others
/content/drive/MyDrive/mark4.7/data/train/others_323.wav,others
/content/drive/MyDrive/mark4.7/data/train/others_324.wav,others
/content/drive/MyDrive/mark4.7/data/train/others_325.wav,others
/content/drive/MyDrive/mark4.7/data/train/others_326.wav,others
/content/drive/MyDrive/mark4.7/data/train/others_327.wav,others
/content/drive/MyDrive/mark4.7/data/train/others_328.wav,others
/content/drive/MyDrive/mark4.7/data/train/others_329.wav,others
/content/drive/MyDrive/mark4.7/data/train/others_33.wav,others
/content/drive/MyDrive/mark4.7/data/train/others_330.wav,others
/content/drive/MyDrive/mark4.7/data/train/others_331.wav,others
/content/drive/MyDrive/mark4.7/data/train/others_332.wav,others
/content/drive/MyDrive/mark4.7/data/train/others_333.wav,others
/content/drive/MyDrive/mark4.7/data/train/others_334.wav,others
/content/drive/MyDrive/mark4.7/data/train/others_335.wav,others
/content/drive/MyDrive/mark4.7/data/train/others_336.wav,others
/content/drive/MyDrive/mark4.7/data/train/others_337.wav,others
/content/drive/MyDrive/mark4.7/data/train/others_338.wav,others
/content/drive/MyDrive/mark4.7/data/train/others_339.wav,others
/content/drive/MyDrive/mark4.7/data/train/others_34.wav,others
/content/drive/MyDrive/mark4.7/data/train/others_340.wav,others
/content/drive/MyDrive/mark4.7/data/train/others_341.wav,others
/content/drive/MyDrive/mark4.7/data/train/others_342.wav,others
/content/drive/MyDrive/mark4.7/data/train/others_343.wav,others
/content/drive/MyDrive/mark4.7/data/train/others_344.wav,others
/content/drive/MyDrive/mark4.7/data/train/others_345.wav,others
/content/drive/MyDrive/mark4.7/data/train/others_346.wav,others
/content/drive/MyDrive/mark4.7/data/train/others_347.wav,others
/content/drive/MyDrive/mark4.7/data/train/others_348.wav,others
/content/drive/MyDrive/mark4.7/data/train/others_349.wav,others
/content/drive/MyDrive/mark4.7/data/train/others_35.wav,others
/content/drive/MyDrive/mark4.7/data/train/others_350.wav,others
/content/drive/MyDrive/mark4.7/data/train/others_351.wav,others
/content/drive/MyDrive/mark4.7/data/train/others_352.wav,others
/content/drive/MyDrive/mark4.7/data/train/others_353.wav,others
/content/drive/MyDrive/mark4.7/data/train/others_354.wav,others
/content/drive/MyDrive/mark4.7/data/train/others_355.wav,others
/content/drive/MyDrive/mark4.7/data/train/others_356.wav,others
/content/drive/MyDrive/mark4.7/data/train/others_357.wav,others
/content/drive/MyDrive/mark4.7/data/train/others_358.wav,others
/content/drive/MyDrive/mark4.7/data/train/others_359.wav,others
/content/drive/MyDrive/mark4.7/data/train/others_36.wav,others
/content/drive/MyDrive/mark4.7/data/train/others_360.wav,others
/content/drive/MyDrive/mark4.7/data/train/others_361.wav,others
/content/drive/MyDrive/mark4.7/data/train/others_362.wav,others
/content/drive/MyDrive/mark4.7/data/train/others_363.wav,others
/content/drive/MyDrive/mark4.7/data/train/others_364.wav,others
/content/drive/MyDrive/mark4.7/data/train/others_365.wav,others
/content/drive/MyDrive/mark4.7/data/train/others_366.wav,others
/content/drive/MyDrive/mark4.7/data/train/others_367.wav,others
/content/drive/MyDrive/mark4.7/data/train/others_368.wav,others
/content/drive/MyDrive/mark4.7/data/train/others_369.wav,others
/content/drive/MyDrive/mark4.7/data/train/others_37.wav,others
/content/drive/MyDrive/mark4.7/data/train/others_370.wav,others
/content/drive/MyDrive/mark4.7/data/train/others_371.wav,others
/content/drive/MyDrive/mark4.7/data/train/others_372.wav,others
/content/drive/MyDrive/mark4.7/data/train/others_373.wav,others
/content/drive/MyDrive/mark4.7/data/train/others_374.wav,others
/content/drive/MyDrive/mark4.7/data/train/others_375.wav,others
/content/drive/MyDrive/mark4.7/data/train/others_376.wav,others
/content/drive/MyDrive/mark4.7/data/train/others_377.wav,others
/content/drive/MyDrive/mark4.7/data/train/others_378.wav,others
/content/drive/MyDrive/mark4.7/data/train/others_379.wav,others
/content/drive/MyDrive/mark4.7/data/train/others_38.wav,others
/content/drive/MyDrive/mark4.7/data/train/others_380.wav,others
/content/drive/MyDrive/mark4.7/data/train/others_381.wav,others
/content/drive/MyDrive/mark4.7/data/train/others_382.wav,others
/content/drive/MyDrive/mark4.7/data/train/others_383.wav,others
/content/drive/MyDrive/mark4.7/data/train/others_384.wav,others
/content/drive/MyDrive/mark4.7/data/train/others_385.wav,others
/content/drive/MyDrive/mark4.7/data/train/others_386.wav,others
/content/drive/MyDrive/mark4.7/data/train/others_387.wav,others
/content/drive/MyDrive/mark4.7/data/train/others_388.wav,others
/content/drive/MyDrive/mark4.7/data/train/others_389.wav,others
/content/drive/MyDrive/mark4.7/data/train/others_39.wav,others
/content/drive/MyDrive/mark4.7/data/train/others_390.wav,others
/content/drive/MyDrive/mark4.7/data/train/others_391.wav,others
/content/drive/MyDrive/mark4.7/data/train/others_392.wav,others
/content/drive/MyDrive/mark4.7/data/train/others_393.wav,others
/content/drive/MyDrive/mark4.7/data/train/others_394.wav,others
/content/drive/MyDrive/mark4.7/data/train/others_395.wav,others
/content/drive/MyDrive/mark4.7/data/train/others_396.wav,others
/content/drive/MyDrive/mark4.7/data/train/others_397.wav,others
/content/drive/MyDrive/mark4.7/data/train/others_398.wav,others
/content/drive/MyDrive/mark4.7/data/train/others_399.wav,others
/content/drive/MyDrive/mark4.7/data/train/others_4.wav,others
/content/drive/MyDrive/mark4.7/data/train/others_40.wav,others
/content/drive/MyDrive/mark4.7/data/train/others_400.wav,others
/content/drive/MyDrive/mark4.7/data/train/others_401.wav,others
/content/drive/MyDrive/mark4.7/data/train/others_402.wav,others
/content/drive/MyDrive/mark4.7/data/train/others_403.wav,others
/content/drive/MyDrive/mark4.7/data/train/others_404.wav,others
/content/drive/MyDrive/mark4.7/data/train/others_405.wav,others
/content/drive/MyDrive/mark4.7/data/train/others_406.wav,others
/content/drive/MyDrive/mark4.7/data/train/others_407.wav,others
/content/drive/MyDrive/mark4.7/data/train/others_408.wav,others
/content/drive/MyDrive/mark4.7/data/train/others_409.wav,others
/content/drive/MyDrive/mark4.7/data/train/others_41.wav,others
/content/drive/MyDrive/mark4.7/data/train/others_410.wav,others
/content/drive/MyDrive/mark4.7/data/train/others_411.wav,others
/content/drive/MyDrive/mark4.7/data/train/others_412.wav,others
/content/drive/MyDrive/mark4.7/data/train/others_413.wav,others
/content/drive/MyDrive/mark4.7/data/train/others_414.wav,others
/content/drive/MyDrive/mark4.7/data/train/others_415.wav,others
/content/drive/MyDrive/mark4.7/data/train/others_416.wav,others
/content/drive/MyDrive/mark4.7/data/train/others_417.wav,others
/content/drive/MyDrive/mark4.7/data/train/others_418.wav,others
/content/drive/MyDrive/mark4.7/data/train/others_419.wav,others
/content/drive/MyDrive/mark4.7/data/train/others_42.wav,others
/content/drive/MyDrive/mark4.7/data/train/others_420.wav,others
/content/drive/MyDrive/mark4.7/data/train/others_421.wav,others
/content/drive/MyDrive/mark4.7/data/train/others_422.wav,others
/content/drive/MyDrive/mark4.7/data/train/others_423.wav,others
/content/drive/MyDrive/mark4.7/data/train/others_424.wav,others
/content/drive/MyDrive/mark4.7/data/train/others_425.wav,others
/content/drive/MyDrive/mark4.7/data/train/others_426.wav,others
/content/drive/MyDrive/mark4.7/data/train/others_427.wav,others
/content/drive/MyDrive/mark4.7/data/train/others_428.wav,others
/content/drive/MyDrive/mark4.7/data/train/others_429.wav,others
/content/drive/MyDrive/mark4.7/data/train/others_43.wav,others
/content/drive/MyDrive/mark4.7/data/train/others_430.wav,others
/content/drive/MyDrive/mark4.7/data/train/others_431.wav,others
/content/drive/MyDrive/mark4.7/data/train/others_432.wav,others
/content/drive/MyDrive/mark4.7/data/train/others_433.wav,others
/content/drive/MyDrive/mark4.7/data/train/others_434.wav,others
/content/drive/MyDrive/mark4.7/data/train/others_435.wav,others
/content/drive/MyDrive/mark4.7/data/train/others_436.wav,others
/content/drive/MyDrive/mark4.7/data/train/others_437.wav,others
/content/drive/MyDrive/mark4.7/data/train/others_438.wav,others
/content/drive/MyDrive/mark4.7/data/train/others_439.wav,others
/content/drive/MyDrive/mark4.7/data/train/others_44.wav,others
/content/drive/MyDrive/mark4.7/data/train/others_440.wav,others
/content/drive/MyDrive/mark4.7/data/train/others_441.wav,others
/content/drive/MyDrive/mark4.7/data/train/others_442.wav,others
/content/drive/MyDrive/mark4.7/data/train/others_443.wav,others
/content/drive/MyDrive/mark4.7/data/train/others_444.wav,others
/content/drive/MyDrive/mark4.7/data/train/others_445.wav,others
/content/drive/MyDrive/mark4.7/data/train/others_446.wav,others
/content/drive/MyDrive/mark4.7/data/train/others_447.wav,others
/content/drive/MyDrive/mark4.7/data/train/others_448.wav,others
/content/drive/MyDrive/mark4.7/data/train/others_449.wav,others
/content/drive/MyDrive/mark4.7/data/train/others_45.wav,others
/content/drive/MyDrive/mark4.7/data/train/others_450.wav,others
/content/drive/MyDrive/mark4.7/data/train/others_451.wav,others
/content/drive/MyDrive/mark4.7/data/train/others_452.wav,others
/content/drive/MyDrive/mark4.7/data/train/others_453.wav,others
/content/drive/MyDrive/mark4.7/data/train/others_454.wav,others
/content/drive/MyDrive/mark4.7/data/train/others_455.wav,others
/content/drive/MyDrive/mark4.7/data/train/others_456.wav,others
/content/drive/MyDrive/mark4.7/data/train/others_457.wav,others
/content/drive/MyDrive/mark4.7/data/train/others_458.wav,others
/content/drive/MyDrive/mark4.7/data/train/others_459.wav,others
/content/drive/MyDrive/mark4.7/data/train/others_46.wav,others
/content/drive/MyDrive/mark4.7/data/train/others_460.wav,others
/content/drive/MyDrive/mark4.7/data/train/others_461.wav,others
/content/drive/MyDrive/mark4.7/data/train/others_462.wav,others
/content/drive/MyDrive/mark4.7/data/train/others_463.wav,others
/content/drive/MyDrive/mark4.7/data/train/others_464.wav,others
/content/drive/MyDrive/mark4.7/data/train/others_465.wav,others
/content/drive/MyDrive/mark4.7/data/train/others_466.wav,others
/content/drive/MyDrive/mark4.7/data/train/others_467.wav,others
/content/drive/MyDrive/mark4.7/data/train/others_468.wav,others
/content/drive/MyDrive/mark4.7/data/train/others_469.wav,others
/content/drive/MyDrive/mark4.7/data/train/others_47.wav,others
/content/drive/MyDrive/mark4.7/data/train/others_470.wav,others
/content/drive/MyDrive/mark4.7/data/train/others_471.wav,others
/content/drive/MyDrive/mark4.7/data/train/others_472.wav,others
/content/drive/MyDrive/mark4.7/data/train/others_473.wav,others
/content/drive/MyDrive/mark4.7/data/train/others_474.wav,others
/content/drive/MyDrive/mark4.7/data/train/others_475.wav,others
/content/drive/MyDrive/mark4.7/data/train/others_476.wav,others
/content/drive/MyDrive/mark4.7/data/train/others_477.wav,others
/content/drive/MyDrive/mark4.7/data/train/others_478.wav,others
/content/drive/MyDrive/mark4.7/data/train/others_479.wav,others
/content/drive/MyDrive/mark4.7/data/train/others_48.wav,others
/content/drive/MyDrive/mark4.7/data/train/others_480.wav,others
/content/drive/MyDrive/mark4.7/data/train/others_481.wav,others
/content/drive/MyDrive/mark4.7/data/train/others_482.wav,others
/content/drive/MyDrive/mark4.7/data/train/others_483.wav,others
/content/drive/MyDrive/mark4.7/data/train/others_484.wav,others
/content/drive/MyDrive/mark4.7/data/train/others_485.wav,others
/content/drive/MyDrive/mark4.7/data/train/others_486.wav,others
/content/drive/MyDrive/mark4.7/data/train/others_487.wav,others
/content/drive/MyDrive/mark4.7/data/train/others_488.wav,others
/content/drive/MyDrive/mark4.7/data/train/others_489.wav,others
/content/drive/MyDrive/mark4.7/data/train/others_49.wav,others
/content/drive/MyDrive/mark4.7/data/train/others_490.wav,others
/content/drive/MyDrive/mark4.7/data/train/others_491.wav,others
/content/drive/MyDrive/mark4.7/data/train/others_492.wav,others
/content/drive/MyDrive/mark4.7/data/train/others_493.wav,others
/content/drive/MyDrive/mark4.7/data/train/others_494.wav,others
/content/drive/MyDrive/mark4.7/data/train/others_495.wav,others
/content/drive/MyDrive/mark4.7/data/train/others_496.wav,others
/content/drive/MyDrive/mark4.7/data/train/others_497.wav,others
/content/drive/MyDrive/mark4.7/data/train/others_498.wav,others
/content/drive/MyDrive/mark4.7/data/train/others_499.wav,others
/content/drive/MyDrive/mark4.7/data/train/others_5.wav,others
/content/drive/MyDrive/mark4.7/data/train/others_50.wav,others
/content/drive/MyDrive/mark4.7/data/train/others_500.wav,others
/content/drive/MyDrive/mark4.7/data/train/others_51.wav,others
/content/drive/MyDrive/mark4.7/data/train/others_52.wav,others
/content/drive/MyDrive/mark4.7/data/train/others_53.wav,others
/content/drive/MyDrive/mark4.7/data/train/others_54.wav,others
/content/drive/MyDrive/mark4.7/data/train/others_55.wav,others
/content/drive/MyDrive/mark4.7/data/train/others_56.wav,others
/content/drive/MyDrive/mark4.7/data/train/others_57.wav,others
/content/drive/MyDrive/mark4.7/data/train/others_58.wav,others
/content/drive/MyDrive/mark4.7/data/train/others_59.wav,others
/content/drive/MyDrive/mark4.7/data/train/others_6.wav,others
/content/drive/MyDrive/mark4.7/data/train/others_60.wav,others
/content/drive/MyDrive/mark4.7/data/train/others_61.wav,others
/content/drive/MyDrive/mark4.7/data/train/others_62.wav,others
/content/drive/MyDrive/mark4.7/data/train/others_63.wav,others
/content/drive/MyDrive/mark4.7/data/train/others_64.wav,others
/content/drive/MyDrive/mark4.7/data/train/others_65.wav,others
/content/drive/MyDrive/mark4.7/data/train/others_66.wav,others
/content/drive/MyDrive/mark4.7/data/train/others_67.wav,others
/content/drive/MyDrive/mark4.7/data/train/others_68.wav,others
/content/drive/MyDrive/mark4.7/data/train/others_69.wav,others
/content/drive/MyDrive/mark4.7/data/train/others_7.wav,others
/content/drive/MyDrive/mark4.7/data/train/others_70.wav,others
/content/drive/MyDrive/mark4.7/data/train/others_71.wav,others
/content/drive/MyDrive/mark4.7/data/train/others_72.wav,others
/content/drive/MyDrive/mark4.7/data/train/others_73.wav,others
/content/drive/MyDrive/mark4.7/data/train/others_74.wav,others
/content/drive/MyDrive/mark4.7/data/train/others_75.wav,others
/content/drive/MyDrive/mark4.7/data/train/others_76.wav,others
/content/drive/MyDrive/mark4.7/data/train/others_77.wav,others
/content/drive/MyDrive/mark4.7/data/train/others_78.wav,others
/content/drive/MyDrive/mark4.7/data/train/others_79.wav,others
/content/drive/MyDrive/mark4.7/data/train/others_8.wav,others
/content/drive/MyDrive/mark4.7/data/train/others_80.wav,others
/content/drive/MyDrive/mark4.7/data/train/others_81.wav,others
/content/drive/MyDrive/mark4.7/data/train/others_82.wav,others
/content/drive/MyDrive/mark4.7/data/train/others_83.wav,others
/content/drive/MyDrive/mark4.7/data/train/others_84.wav,others
/content/drive/MyDrive/mark4.7/data/train/others_85.wav,others
/content/drive/MyDrive/mark4.7/data/train/others_86.wav,others
/content/drive/MyDrive/mark4.7/data/train/others_87.wav,others
/content/drive/MyDrive/mark4.7/data/train/others_88.wav,others
/content/drive/MyDrive/mark4.7/data/train/others_89.wav,others
/content/drive/MyDrive/mark4.7/data/train/others_9.wav,others
/content/drive/MyDrive/mark4.7/data/train/others_90.wav,others
/content/drive/MyDrive/mark4.7/data/train/others_91.wav,others
/content/drive/MyDrive/mark4.7/data/train/others_92.wav,others
/content/drive/MyDrive/mark4.7/data/train/others_93.wav,others
/content/drive/MyDrive/mark4.7/data/train/others_94.wav,others
/content/drive/MyDrive/mark4.7/data/train/others_95.wav,others
/content/drive/MyDrive/mark4.7/data/train/others_96.wav,others
/content/drive/MyDrive/mark4.7/data/train/others_97.wav,others
/content/drive/MyDrive/mark4.7/data/train/others_98.wav,others
/content/drive/MyDrive/mark4.7/data/train/others_99.wav,others
/content/drive/MyDrive/mark4.7/data/train/water_shower_1.wav,water_shower
/content/drive/MyDrive/mark4.7/data/train/water_shower_10.wav,water_shower
/content/drive/MyDrive/mark4.7/data/train/water_shower_100.wav,water_shower
/content/drive/MyDrive/mark4.7/data/train/water_shower_101.wav,water_shower
/content/drive/MyDrive/mark4.7/data/train/water_shower_102.wav,water_shower
/content/drive/MyDrive/mark4.7/data/train/water_shower_103.wav,water_shower
/content/drive/MyDrive/mark4.7/data/train/water_shower_104.wav,water_shower
/content/drive/MyDrive/mark4.7/data/train/water_shower_105.wav,water_shower
/content/drive/MyDrive/mark4.7/data/train/water_shower_106.wav,water_shower
/content/drive/MyDrive/mark4.7/data/train/water_shower_107.wav,water_shower
/content/drive/MyDrive/mark4.7/data/train/water_shower_108.wav,water_shower
/content/drive/MyDrive/mark4.7/data/train/water_shower_109.wav,water_shower
/content/drive/MyDrive/mark4.7/data/train/water_shower_11.wav,water_shower
/content/drive/MyDrive/mark4.7/data/train/water_shower_110.wav,water_shower
/content/drive/MyDrive/mark4.7/data/train/water_shower_111.wav,water_shower
/content/drive/MyDrive/mark4.7/data/train/water_shower_112.wav,water_shower
/content/drive/MyDrive/mark4.7/data/train/water_shower_113.wav,water_shower
/content/drive/MyDrive/mark4.7/data/train/water_shower_114.wav,water_shower
/content/drive/MyDrive/mark4.7/data/train/water_shower_115.wav,water_shower
/content/drive/MyDrive/mark4.7/data/train/water_shower_116.wav,water_shower
/content/drive/MyDrive/mark4.7/data/train/water_shower_117.wav,water_shower
/content/drive/MyDrive/mark4.7/data/train/water_shower_118.wav,water_shower
/content/drive/MyDrive/mark4.7/data/train/water_shower_119.wav,water_shower
/content/drive/MyDrive/mark4.7/data/train/water_shower_12.wav,water_shower
/content/drive/MyDrive/mark4.7/data/train/water_shower_120.wav,water_shower
/content/drive/MyDrive/mark4.7/data/train/water_shower_121.wav,water_shower
/content/drive/MyDrive/mark4.7/data/train/water_shower_122.wav,water_shower
/content/drive/MyDrive/mark4.7/data/train/water_shower_123.wav,water_shower
/content/drive/MyDrive/mark4.7/data/train/water_shower_124.wav,water_shower
/content/drive/MyDrive/mark4.7/data/train/water_shower_125.wav,water_shower
/content/drive/MyDrive/mark4.7/data/train/water_shower_126.wav,water_shower
/content/drive/MyDrive/mark4.7/data/train/water_shower_127.wav,water_shower
/content/drive/MyDrive/mark4.7/data/train/water_shower_128.wav,water_shower
/content/drive/MyDrive/mark4.7/data/train/water_shower_129.wav,water_shower
/content/drive/MyDrive/mark4.7/data/train/water_shower_13.wav,water_shower
/content/drive/MyDrive/mark4.7/data/train/water_shower_130.wav,water_shower
/content/drive/MyDrive/mark4.7/data/train/water_shower_131.wav,water_shower
/content/drive/MyDrive/mark4.7/data/train/water_shower_132.wav,water_shower
/content/drive/MyDrive/mark4.7/data/train/water_shower_133.wav,water_shower
/content/drive/MyDrive/mark4.7/data/train/water_shower_134.wav,water_shower
/content/drive/MyDrive/mark4.7/data/train/water_shower_135.wav,water_shower
/content/drive/MyDrive/mark4.7/data/train/water_shower_136.wav,water_shower
/content/drive/MyDrive/mark4.7/data/train/water_shower_137.wav,water_shower
/content/drive/MyDrive/mark4.7/data/train/water_shower_138.wav,water_shower
/content/drive/MyDrive/mark4.7/data/train/water_shower_139.wav,water_shower
/content/drive/MyDrive/mark4.7/data/train/water_shower_14.wav,water_shower
/content/drive/MyDrive/mark4.7/data/train/water_shower_140.wav,water_shower
/content/drive/MyDrive/mark4.7/data/train/water_shower_141.wav,water_shower
/content/drive/MyDrive/mark4.7/data/train/water_shower_142.wav,water_shower
/content/drive/MyDrive/mark4.7/data/train/water_shower_143.wav,water_shower
/content/drive/MyDrive/mark4.7/data/train/water_shower_144.wav,water_shower
/content/drive/MyDrive/mark4.7/data/train/water_shower_145.wav,water_shower
/content/drive/MyDrive/mark4.7/data/train/water_shower_146.wav,water_shower
/content/drive/MyDrive/mark4.7/data/train/water_shower_147.wav,water_shower
/content/drive/MyDrive/mark4.7/data/train/water_shower_148.wav,water_shower
/content/drive/MyDrive/mark4.7/data/train/water_shower_149.wav,water_shower
/content/drive/MyDrive/mark4.7/data/train/water_shower_15.wav,water_shower
/content/drive/MyDrive/mark4.7/data/train/water_shower_150.wav,water_shower
/content/drive/MyDrive/mark4.7/data/train/water_shower_151.wav,water_shower
/content/drive/MyDrive/mark4.7/data/train/water_shower_152.wav,water_shower
/content/drive/MyDrive/mark4.7/data/train/water_shower_153.wav,water_shower
/content/drive/MyDrive/mark4.7/data/train/water_shower_154.wav,water_shower
/content/drive/MyDrive/mark4.7/data/train/water_shower_155.wav,water_shower
/content/drive/MyDrive/mark4.7/data/train/water_shower_156.wav,water_shower
/content/drive/MyDrive/mark4.7/data/train/water_shower_157.wav,water_shower
/content/drive/MyDrive/mark4.7/data/train/water_shower_158.wav,water_shower
/content/drive/MyDrive/mark4.7/data/train/water_shower_159.wav,water_shower
/content/drive/MyDrive/mark4.7/data/train/water_shower_16.wav,water_shower
/content/drive/MyDrive/mark4.7/data/train/water_shower_160.wav,water_shower
/content/drive/MyDrive/mark4.7/data/train/water_shower_161.wav,water_shower
/content/drive/MyDrive/mark4.7/data/train/water_shower_162.wav,water_shower
/content/drive/MyDrive/mark4.7/data/train/water_shower_163.wav,water_shower
/content/drive/MyDrive/mark4.7/data/train/water_shower_164.wav,water_shower
/content/drive/MyDrive/mark4.7/data/train/water_shower_165.wav,water_shower
/content/drive/MyDrive/mark4.7/data/train/water_shower_166.wav,water_shower
/content/drive/MyDrive/mark4.7/data/train/water_shower_167.wav,water_shower
/content/drive/MyDrive/mark4.7/data/train/water_shower_168.wav,water_shower
/content/drive/MyDrive/mark4.7/data/train/water_shower_169.wav,water_shower
/content/drive/MyDrive/mark4.7/data/train/water_shower_17.wav,water_shower
/content/drive/MyDrive/mark4.7/data/train/water_shower_170.wav,water_shower
/content/drive/MyDrive/mark4.7/data/train/water_shower_171.wav,water_shower
/content/drive/MyDrive/mark4.7/data/train/water_shower_172.wav,water_shower
/content/drive/MyDrive/mark4.7/data/train/water_shower_173.wav,water_shower
/content/drive/MyDrive/mark4.7/data/train/water_shower_174.wav,water_shower
/content/drive/MyDrive/mark4.7/data/train/water_shower_175.wav,water_shower
/content/drive/MyDrive/mark4.7/data/train/water_shower_176.wav,water_shower
/content/drive/MyDrive/mark4.7/data/train/water_shower_177.wav,water_shower
/content/drive/MyDrive/mark4.7/data/train/water_shower_178.wav,water_shower
/content/drive/MyDrive/mark4.7/data/train/water_shower_179.wav,water_shower
/content/drive/MyDrive/mark4.7/data/train/water_shower_18.wav,water_shower
/content/drive/MyDrive/mark4.7/data/train/water_shower_180.wav,water_shower
/content/drive/MyDrive/mark4.7/data/train/water_shower_181.wav,water_shower
/content/drive/MyDrive/mark4.7/data/train/water_shower_182.wav,water_shower
/content/drive/MyDrive/mark4.7/data/train/water_shower_183.wav,water_shower
/content/drive/MyDrive/mark4.7/data/train/water_shower_184.wav,water_shower
/content/drive/MyDrive/mark4.7/data/train/water_shower_185.wav,water_shower
/content/drive/MyDrive/mark4.7/data/train/water_shower_186.wav,water_shower
/content/drive/MyDrive/mark4.7/data/train/water_shower_187.wav,water_shower
/content/drive/MyDrive/mark4.7/data/train/water_shower_188.wav,water_shower
/content/drive/MyDrive/mark4.7/data/train/water_shower_189.wav,water_shower
/content/drive/MyDrive/mark4.7/data/train/water_shower_19.wav,water_shower
/content/drive/MyDrive/mark4.7/data/train/water_shower_190.wav,water_shower
/content/drive/MyDrive/mark4.7/data/train/water_shower_191.wav,water_shower
/content/drive/MyDrive/mark4.7/data/train/water_shower_192.wav,water_shower
/content/drive/MyDrive/mark4.7/data/train/water_shower_193.wav,water_shower
/content/drive/MyDrive/mark4.7/data/train/water_shower_194.wav,water_shower
/content/drive/MyDrive/mark4.7/data/train/water_shower_195.wav,water_shower
/content/drive/MyDrive/mark4.7/data/train/water_shower_196.wav,water_shower
/content/drive/MyDrive/mark4.7/data/train/water_shower_197.wav,water_shower
/content/drive/MyDrive/mark4.7/data/train/water_shower_198.wav,water_shower
/content/drive/MyDrive/mark4.7/data/train/water_shower_199.wav,water_shower
/content/drive/MyDrive/mark4.7/data/train/water_shower_2.wav,water_shower
/content/drive/MyDrive/mark4.7/data/train/water_shower_20.wav,water_shower
/content/drive/MyDrive/mark4.7/data/train/water_shower_200.wav,water_shower
/content/drive/MyDrive/mark4.7/data/train/water_shower_201.wav,water_shower
/content/drive/MyDrive/mark4.7/data/train/water_shower_202.wav,water_shower
/content/drive/MyDrive/mark4.7/data/train/water_shower_203.wav,water_shower
/content/drive/MyDrive/mark4.7/data/train/water_shower_204.wav,water_shower
/content/drive/MyDrive/mark4.7/data/train/water_shower_205.wav,water_shower
/content/drive/MyDrive/mark4.7/data/train/water_shower_206.wav,water_shower
/content/drive/MyDrive/mark4.7/data/train/water_shower_207.wav,water_shower
/content/drive/MyDrive/mark4.7/data/train/water_shower_208.wav,water_shower
/content/drive/MyDrive/mark4.7/data/train/water_shower_209.wav,water_shower
/content/drive/MyDrive/mark4.7/data/train/water_shower_21.wav,water_shower
/content/drive/MyDrive/mark4.7/data/train/water_shower_210.wav,water_shower
/content/drive/MyDrive/mark4.7/data/train/water_shower_211.wav,water_shower
/content/drive/MyDrive/mark4.7/data/train/water_shower_212.wav,water_shower
/content/drive/MyDrive/mark4.7/data/train/water_shower_213.wav,water_shower
/content/drive/MyDrive/mark4.7/data/train/water_shower_214.wav,water_shower
/content/drive/MyDrive/mark4.7/data/train/water_shower_215.wav,water_shower
/content/drive/MyDrive/mark4.7/data/train/water_shower_216.wav,water_shower
/content/drive/MyDrive/mark4.7/data/train/water_shower_217.wav,water_shower
/content/drive/MyDrive/mark4.7/data/train/water_shower_218.wav,water_shower
/content/drive/MyDrive/mark4.7/data/train/water_shower_219.wav,water_shower
/content/drive/MyDrive/mark4.7/data/train/water_shower_22.wav,water_shower
/content/drive/MyDrive/mark4.7/data/train/water_shower_220.wav,water_shower
/content/drive/MyDrive/mark4.7/data/train/water_shower_221.wav,water_shower
/content/drive/MyDrive/mark4.7/data/train/water_shower_222.wav,water_shower
/content/drive/MyDrive/mark4.7/data/train/water_shower_223.wav,water_shower
/content/drive/MyDrive/mark4.7/data/train/water_shower_224.wav,water_shower
/content/drive/MyDrive/mark4.7/data/train/water_shower_225.wav,water_shower
/content/drive/MyDrive/mark4.7/data/train/water_shower_226.wav,water_shower
/content/drive/MyDrive/mark4.7/data/train/water_shower_227.wav,water_shower
/content/drive/MyDrive/mark4.7/data/train/water_shower_228.wav,water_shower
/content/drive/MyDrive/mark4.7/data/train/water_shower_229.wav,water_shower
/content/drive/MyDrive/mark4.7/data/train/water_shower_23.wav,water_shower
/content/drive/MyDrive/mark4.7/data/train/water_shower_230.wav,water_shower
/content/drive/MyDrive/mark4.7/data/train/water_shower_231.wav,water_shower
/content/drive/MyDrive/mark4.7/data/train/water_shower_232.wav,water_shower
/content/drive/MyDrive/mark4.7/data/train/water_shower_233.wav,water_shower
/content/drive/MyDrive/mark4.7/data/train/water_shower_234.wav,water_shower
/content/drive/MyDrive/mark4.7/data/train/water_shower_235.wav,water_shower
/content/drive/MyDrive/mark4.7/data/train/water_shower_236.wav,water_shower
/content/drive/MyDrive/mark4.7/data/train/water_shower_237.wav,water_shower
/content/drive/MyDrive/mark4.7/data/train/water_shower_238.wav,water_shower
/content/drive/MyDrive/mark4.7/data/train/water_shower_239.wav,water_shower
/content/drive/MyDrive/mark4.7/data/train/water_shower_24.wav,water_shower
/content/drive/MyDrive/mark4.7/data/train/water_shower_240.wav,water_shower
/content/drive/MyDrive/mark4.7/data/train/water_shower_241.wav,water_shower
/content/drive/MyDrive/mark4.7/data/train/water_shower_242.wav,water_shower
/content/drive/MyDrive/mark4.7/data/train/water_shower_243.wav,water_shower
/content/drive/MyDrive/mark4.7/data/train/water_shower_244.wav,water_shower
/content/drive/MyDrive/mark4.7/data/train/water_shower_245.wav,water_shower
/content/drive/MyDrive/mark4.7/data/train/water_shower_246.wav,water_shower
/content/drive/MyDrive/mark4.7/data/train/water_shower_247.wav,water_shower
/content/drive/MyDrive/mark4.7/data/train/water_shower_248.wav,water_shower
/content/drive/MyDrive/mark4.7/data/train/water_shower_249.wav,water_shower
/content/drive/MyDrive/mark4.7/data/train/water_shower_25.wav,water_shower
/content/drive/MyDrive/mark4.7/data/train/water_shower_250.wav,water_shower
/content/drive/MyDrive/mark4.7/data/train/water_shower_251.wav,water_shower
/content/drive/MyDrive/mark4.7/data/train/water_shower_252.wav,water_shower
/content/drive/MyDrive/mark4.7/data/train/water_shower_253.wav,water_shower
/content/drive/MyDrive/mark4.7/data/train/water_shower_254.wav,water_shower
/content/drive/MyDrive/mark4.7/data/train/water_shower_255.wav,water_shower
/content/drive/MyDrive/mark4.7/data/train/water_shower_256.wav,water_shower
/content/drive/MyDrive/mark4.7/data/train/water_shower_257.wav,water_shower
/content/drive/MyDrive/mark4.7/data/train/water_shower_258.wav,water_shower
/content/drive/MyDrive/mark4.7/data/train/water_shower_259.wav,water_shower
/content/drive/MyDrive/mark4.7/data/train/water_shower_26.wav,water_shower
/content/drive/MyDrive/mark4.7/data/train/water_shower_260.wav,water_shower
/content/drive/MyDrive/mark4.7/data/train/water_shower_261.wav,water_shower
/content/drive/MyDrive/mark4.7/data/train/water_shower_262.wav,water_shower
/content/drive/MyDrive/mark4.7/data/train/water_shower_263.wav,water_shower
/content/drive/MyDrive/mark4.7/data/train/water_shower_264.wav,water_shower
/content/drive/MyDrive/mark4.7/data/train/water_shower_265.wav,water_shower
/content/drive/MyDrive/mark4.7/data/train/water_shower_266.wav,water_shower
/content/drive/MyDrive/mark4.7/data/train/water_shower_267.wav,water_shower
/content/drive/MyDrive/mark4.7/data/train/water_shower_268.wav,water_shower
/content/drive/MyDrive/mark4.7/data/train/water_shower_269.wav,water_shower
/content/drive/MyDrive/mark4.7/data/train/water_shower_27.wav,water_shower
/content/drive/MyDrive/mark4.7/data/train/water_shower_270.wav,water_shower
/content/drive/MyDrive/mark4.7/data/train/water_shower_271.wav,water_shower
/content/drive/MyDrive/mark4.7/data/train/water_shower_272.wav,water_shower
/content/drive/MyDrive/mark4.7/data/train/water_shower_273.wav,water_shower
/content/drive/MyDrive/mark4.7/data/train/water_shower_274.wav,water_shower
/content/drive/MyDrive/mark4.7/data/train/water_shower_275.wav,water_shower
/content/drive/MyDrive/mark4.7/data/train/water_shower_276.wav,water_shower
/content/drive/MyDrive/mark4.7/data/train/water_shower_277.wav,water_shower
/content/drive/MyDrive/mark4.7/data/train/water_shower_278.wav,water_shower
/content/drive/MyDrive/mark4.7/data/train/water_shower_279.wav,water_shower
/content/drive/MyDrive/mark4.7/data/train/water_shower_28.wav,water_shower
/content/drive/MyDrive/mark4.7/data/train/water_shower_280.wav,water_shower
/content/drive/MyDrive/mark4.7/data/train/water_shower_281.wav,water_shower
/content/drive/MyDrive/mark4.7/data/train/water_shower_282.wav,water_shower
/content/drive/MyDrive/mark4.7/data/train/water_shower_283.wav,water_shower
/content/drive/MyDrive/mark4.7/data/train/water_shower_284.wav,water_shower
/content/drive/MyDrive/mark4.7/data/train/water_shower_285.wav,water_shower
/content/drive/MyDrive/mark4.7/data/train/water_shower_286.wav,water_shower
/content/drive/MyDrive/mark4.7/data/train/water_shower_287.wav,water_shower
/content/drive/MyDrive/mark4.7/data/train/water_shower_288.wav,water_shower
/content/drive/MyDrive/mark4.7/data/train/water_shower_289.wav,water_shower
/content/drive/MyDrive/mark4.7/data/train/water_shower_29.wav,water_shower
/content/drive/MyDrive/mark4.7/data/train/water_shower_290.wav,water_shower
/content/drive/MyDrive/mark4.7/data/train/water_shower_291.wav,water_shower
/content/drive/MyDrive/mark4.7/data/train/water_shower_292.wav,water_shower
/content/drive/MyDrive/mark4.7/data/train/water_shower_293.wav,water_shower
/content/drive/MyDrive/mark4.7/data/train/water_shower_294.wav,water_shower
/content/drive/MyDrive/mark4.7/data/train/water_shower_295.wav,water_shower
/content/drive/MyDrive/mark4.7/data/train/water_shower_296.wav,water_shower
/content/drive/MyDrive/mark4.7/data/train/water_shower_297.wav,water_shower
/content/drive/MyDrive/mark4.7/data/train/water_shower_298.wav,water_shower
/content/drive/MyDrive/mark4.7/data/train/water_shower_299.wav,water_shower
/content/drive/MyDrive/mark4.7/data/train/water_shower_3.wav,water_shower
/content/drive/MyDrive/mark4.7/data/train/water_shower_30.wav,water_shower
/content/drive/MyDrive/mark4.7/data/train/water_shower_300.wav,water_shower
/content/drive/MyDrive/mark4.7/data/train/water_shower_301.wav,water_shower
/content/drive/MyDrive/mark4.7/data/train/water_shower_302.wav,water_shower
/content/drive/MyDrive/mark4.7/data/train/water_shower_303.wav,water_shower
/content/drive/MyDrive/mark4.7/data/train/water_shower_304.wav,water_shower
/content/drive/MyDrive/mark4.7/data/train/water_shower_305.wav,water_shower
/content/drive/MyDrive/mark4.7/data/train/water_shower_306.wav,water_shower
/content/drive/MyDrive/mark4.7/data/train/water_shower_307.wav,water_shower
/content/drive/MyDrive/mark4.7/data/train/water_shower_308.wav,water_shower
/content/drive/MyDrive/mark4.7/data/train/water_shower_309.wav,water_shower
/content/drive/MyDrive/mark4.7/data/train/water_shower_31.wav,water_shower
/content/drive/MyDrive/mark4.7/data/train/water_shower_310.wav,water_shower
/content/drive/MyDrive/mark4.7/data/train/water_shower_311.wav,water_shower
/content/drive/MyDrive/mark4.7/data/train/water_shower_312.wav,water_shower
/content/drive/MyDrive/mark4.7/data/train/water_shower_313.wav,water_shower
/content/drive/MyDrive/mark4.7/data/train/water_shower_314.wav,water_shower
/content/drive/MyDrive/mark4.7/data/train/water_shower_315.wav,water_shower
/content/drive/MyDrive/mark4.7/data/train/water_shower_316.wav,water_shower
/content/drive/MyDrive/mark4.7/data/train/water_shower_317.wav,water_shower
/content/drive/MyDrive/mark4.7/data/train/water_shower_318.wav,water_shower
/content/drive/MyDrive/mark4.7/data/train/water_shower_319.wav,water_shower
/content/drive/MyDrive/mark4.7/data/train/water_shower_32.wav,water_shower
/content/drive/MyDrive/mark4.7/data/train/water_shower_320.wav,water_shower
/content/drive/MyDrive/mark4.7/data/train/water_shower_321.wav,water_shower
/content/drive/MyDrive/mark4.7/data/train/water_shower_322.wav,water_shower
/content/drive/MyDrive/mark4.7/data/train/water_shower_323.wav,water_shower
/content/drive/MyDrive/mark4.7/data/train/water_shower_324.wav,water_shower
/content/drive/MyDrive/mark4.7/data/train/water_shower_325.wav,water_shower
/content/drive/MyDrive/mark4.7/data/train/water_shower_326.wav,water_shower
/content/drive/MyDrive/mark4.7/data/train/water_shower_327.wav,water_shower
/content/drive/MyDrive/mark4.7/data/train/water_shower_328.wav,water_shower
/content/drive/MyDrive/mark4.7/data/train/water_shower_329.wav,water_shower
/content/drive/MyDrive/mark4.7/data/train/water_shower_33.wav,water_shower
/content/drive/MyDrive/mark4.7/data/train/water_shower_330.wav,water_shower
/content/drive/MyDrive/mark4.7/data/train/water_shower_331.wav,water_shower
/content/drive/MyDrive/mark4.7/data/train/water_shower_332.wav,water_shower
/content/drive/MyDrive/mark4.7/data/train/water_shower_333.wav,water_shower
/content/drive/MyDrive/mark4.7/data/train/water_shower_334.wav,water_shower
/content/drive/MyDrive/mark4.7/data/train/water_shower_335.wav,water_shower
/content/drive/MyDrive/mark4.7/data/train/water_shower_336.wav,water_shower
/content/drive/MyDrive/mark4.7/data/train/water_shower_337.wav,water_shower
/content/drive/MyDrive/mark4.7/data/train/water_shower_338.wav,water_shower
/content/drive/MyDrive/mark4.7/data/train/water_shower_339.wav,water_shower
/content/drive/MyDrive/mark4.7/data/train/water_shower_34.wav,water_shower
/content/drive/MyDrive/mark4.7/data/train/water_shower_340.wav,water_shower
/content/drive/MyDrive/mark4.7/data/train/water_shower_341.wav,water_shower
/content/drive/MyDrive/mark4.7/data/train/water_shower_342.wav,water_shower
/content/drive/MyDrive/mark4.7/data/train/water_shower_343.wav,water_shower
/content/drive/MyDrive/mark4.7/data/train/water_shower_344.wav,water_shower
/content/drive/MyDrive/mark4.7/data/train/water_shower_345.wav,water_shower
/content/drive/MyDrive/mark4.7/data/train/water_shower_346.wav,water_shower
/content/drive/MyDrive/mark4.7/data/train/water_shower_347.wav,water_shower
/content/drive/MyDrive/mark4.7/data/train/water_shower_348.wav,water_shower
/content/drive/MyDrive/mark4.7/data/train/water_shower_349.wav,water_shower
/content/drive/MyDrive/mark4.7/data/train/water_shower_35.wav,water_shower
/content/drive/MyDrive/mark4.7/data/train/water_shower_350.wav,water_shower
/content/drive/MyDrive/mark4.7/data/train/water_shower_351.wav,water_shower
/content/drive/MyDrive/mark4.7/data/train/water_shower_352.wav,water_shower
/content/drive/MyDrive/mark4.7/data/train/water_shower_353.wav,water_shower
/content/drive/MyDrive/mark4.7/data/train/water_shower_354.wav,water_shower
/content/drive/MyDrive/mark4.7/data/train/water_shower_355.wav,water_shower
/content/drive/MyDrive/mark4.7/data/train/water_shower_356.wav,water_shower
/content/drive/MyDrive/mark4.7/data/train/water_shower_357.wav,water_shower
/content/drive/MyDrive/mark4.7/data/train/water_shower_358.wav,water_shower
/content/drive/MyDrive/mark4.7/data/train/water_shower_359.wav,water_shower
/content/drive/MyDrive/mark4.7/data/train/water_shower_36.wav,water_shower
/content/drive/MyDrive/mark4.7/data/train/water_shower_360.wav,water_shower
/content/drive/MyDrive/mark4.7/data/train/water_shower_361.wav,water_shower
/content/drive/MyDrive/mark4.7/data/train/water_shower_362.wav,water_shower
/content/drive/MyDrive/mark4.7/data/train/water_shower_363.wav,water_shower
/content/drive/MyDrive/mark4.7/data/train/water_shower_364.wav,water_shower
/content/drive/MyDrive/mark4.7/data/train/water_shower_365.wav,water_shower
/content/drive/MyDrive/mark4.7/data/train/water_shower_366.wav,water_shower
/content/drive/MyDrive/mark4.7/data/train/water_shower_367.wav,water_shower
/content/drive/MyDrive/mark4.7/data/train/water_shower_368.wav,water_shower
/content/drive/MyDrive/mark4.7/data/train/water_shower_369.wav,water_shower
/content/drive/MyDrive/mark4.7/data/train/water_shower_37.wav,water_shower
/content/drive/MyDrive/mark4.7/data/train/water_shower_370.wav,water_shower
/content/drive/MyDrive/mark4.7/data/train/water_shower_371.wav,water_shower
/content/drive/MyDrive/mark4.7/data/train/water_shower_372.wav,water_shower
/content/drive/MyDrive/mark4.7/data/train/water_shower_373.wav,water_shower
/content/drive/MyDrive/mark4.7/data/train/water_shower_374.wav,water_shower
/content/drive/MyDrive/mark4.7/data/train/water_shower_375.wav,water_shower
/content/drive/MyDrive/mark4.7/data/train/water_shower_376.wav,water_shower
/content/drive/MyDrive/mark4.7/data/train/water_shower_377.wav,water_shower
/content/drive/MyDrive/mark4.7/data/train/water_shower_378.wav,water_shower
/content/drive/MyDrive/mark4.7/data/train/water_shower_379.wav,water_shower
/content/drive/MyDrive/mark4.7/data/train/water_shower_38.wav,water_shower
/content/drive/MyDrive/mark4.7/data/train/water_shower_380.wav,water_shower
/content/drive/MyDrive/mark4.7/data/train/water_shower_381.wav,water_shower
/content/drive/MyDrive/mark4.7/data/train/water_shower_382.wav,water_shower
/content/drive/MyDrive/mark4.7/data/train/water_shower_383.wav,water_shower
/content/drive/MyDrive/mark4.7/data/train/water_shower_384.wav,water_shower
/content/drive/MyDrive/mark4.7/data/train/water_shower_385.wav,water_shower
/content/drive/MyDrive/mark4.7/data/train/water_shower_386.wav,water_shower
/content/drive/MyDrive/mark4.7/data/train/water_shower_387.wav,water_shower
/content/drive/MyDrive/mark4.7/data/train/water_shower_388.wav,water_shower
/content/drive/MyDrive/mark4.7/data/train/water_shower_389.wav,water_shower
/content/drive/MyDrive/mark4.7/data/train/water_shower_39.wav,water_shower
/content/drive/MyDrive/mark4.7/data/train/water_shower_390.wav,water_shower
/content/drive/MyDrive/mark4.7/data/train/water_shower_391.wav,water_shower
/content/drive/MyDrive/mark4.7/data/train/water_shower_392.wav,water_shower
/content/drive/MyDrive/mark4.7/data/train/water_shower_393.wav,water_shower
/content/drive/MyDrive/mark4.7/data/train/water_shower_394.wav,water_shower
/content/drive/MyDrive/mark4.7/data/train/water_shower_395.wav,water_shower
/content/drive/MyDrive/mark4.7/data/train/water_shower_396.wav,water_shower
/content/drive/MyDrive/mark4.7/data/train/water_shower_397.wav,water_shower
/content/drive/MyDrive/mark4.7/data/train/water_shower_398.wav,water_shower
/content/drive/MyDrive/mark4.7/data/train/water_shower_399.wav,water_shower
/content/drive/MyDrive/mark4.7/data/train/water_shower_4.wav,water_shower
/content/drive/MyDrive/mark4.7/data/train/water_shower_40.wav,water_shower
/content/drive/MyDrive/mark4.7/data/train/water_shower_400.wav,water_shower
/content/drive/MyDrive/mark4.7/data/train/water_shower_401.wav,water_shower
/content/drive/MyDrive/mark4.7/data/train/water_shower_402.wav,water_shower
/content/drive/MyDrive/mark4.7/data/train/water_shower_403.wav,water_shower
/content/drive/MyDrive/mark4.7/data/train/water_shower_404.wav,water_shower
/content/drive/MyDrive/mark4.7/data/train/water_shower_405.wav,water_shower
/content/drive/MyDrive/mark4.7/data/train/water_shower_406.wav,water_shower
/content/drive/MyDrive/mark4.7/data/train/water_shower_407.wav,water_shower
/content/drive/MyDrive/mark4.7/data/train/water_shower_408.wav,water_shower
/content/drive/MyDrive/mark4.7/data/train/water_shower_409.wav,water_shower
/content/drive/MyDrive/mark4.7/data/train/water_shower_41.wav,water_shower
/content/drive/MyDrive/mark4.7/data/train/water_shower_410.wav,water_shower
/content/drive/MyDrive/mark4.7/data/train/water_shower_411.wav,water_shower
/content/drive/MyDrive/mark4.7/data/train/water_shower_412.wav,water_shower
/content/drive/MyDrive/mark4.7/data/train/water_shower_413.wav,water_shower
/content/drive/MyDrive/mark4.7/data/train/water_shower_414.wav,water_shower
/content/drive/MyDrive/mark4.7/data/train/water_shower_415.wav,water_shower
/content/drive/MyDrive/mark4.7/data/train/water_shower_416.wav,water_shower
/content/drive/MyDrive/mark4.7/data/train/water_shower_417.wav,water_shower
/content/drive/MyDrive/mark4.7/data/train/water_shower_418.wav,water_shower
/content/drive/MyDrive/mark4.7/data/train/water_shower_419.wav,water_shower
/content/drive/MyDrive/mark4.7/data/train/water_shower_42.wav,water_shower
/content/drive/MyDrive/mark4.7/data/train/water_shower_420.wav,water_shower
/content/drive/MyDrive/mark4.7/data/train/water_shower_421.wav,water_shower
/content/drive/MyDrive/mark4.7/data/train/water_shower_422.wav,water_shower
/content/drive/MyDrive/mark4.7/data/train/water_shower_423.wav,water_shower
/content/drive/MyDrive/mark4.7/data/train/water_shower_424.wav,water_shower
/content/drive/MyDrive/mark4.7/data/train/water_shower_425.wav,water_shower
/content/drive/MyDrive/mark4.7/data/train/water_shower_426.wav,water_shower
/content/drive/MyDrive/mark4.7/data/train/water_shower_427.wav,water_shower
/content/drive/MyDrive/mark4.7/data/train/water_shower_428.wav,water_shower
/content/drive/MyDrive/mark4.7/data/train/water_shower_429.wav,water_shower
/content/drive/MyDrive/mark4.7/data/train/water_shower_43.wav,water_shower
/content/drive/MyDrive/mark4.7/data/train/water_shower_430.wav,water_shower
/content/drive/MyDrive/mark4.7/data/train/water_shower_431.wav,water_shower
/content/drive/MyDrive/mark4.7/data/train/water_shower_432.wav,water_shower
/content/drive/MyDrive/mark4.7/data/train/water_shower_433.wav,water_shower
/content/drive/MyDrive/mark4.7/data/train/water_shower_434.wav,water_shower
/content/drive/MyDrive/mark4.7/data/train/water_shower_435.wav,water_shower
/content/drive/MyDrive/mark4.7/data/train/water_shower_436.wav,water_shower
/content/drive/MyDrive/mark4.7/data/train/water_shower_437.wav,water_shower
/content/drive/MyDrive/mark4.7/data/train/water_shower_438.wav,water_shower
/content/drive/MyDrive/mark4.7/data/train/water_shower_439.wav,water_shower
/content/drive/MyDrive/mark4.7/data/train/water_shower_44.wav,water_shower
/content/drive/MyDrive/mark4.7/data/train/water_shower_440.wav,water_shower
/content/drive/MyDrive/mark4.7/data/train/water_shower_441.wav,water_shower
/content/drive/MyDrive/mark4.7/data/train/water_shower_442.wav,water_shower
/content/drive/MyDrive/mark4.7/data/train/water_shower_443.wav,water_shower
/content/drive/MyDrive/mark4.7/data/train/water_shower_444.wav,water_shower
/content/drive/MyDrive/mark4.7/data/train/water_shower_445.wav,water_shower
/content/drive/MyDrive/mark4.7/data/train/water_shower_446.wav,water_shower
/content/drive/MyDrive/mark4.7/data/train/water_shower_447.wav,water_shower
/content/drive/MyDrive/mark4.7/data/train/water_shower_448.wav,water_shower
/content/drive/MyDrive/mark4.7/data/train/water_shower_449.wav,water_shower
/content/drive/MyDrive/mark4.7/data/train/water_shower_45.wav,water_shower
/content/drive/MyDrive/mark4.7/data/train/water_shower_450.wav,water_shower
/content/drive/MyDrive/mark4.7/data/train/water_shower_451.wav,water_shower
/content/drive/MyDrive/mark4.7/data/train/water_shower_452.wav,water_shower
/content/drive/MyDrive/mark4.7/data/train/water_shower_453.wav,water_shower
/content/drive/MyDrive/mark4.7/data/train/water_shower_454.wav,water_shower
/content/drive/MyDrive/mark4.7/data/train/water_shower_455.wav,water_shower
/content/drive/MyDrive/mark4.7/data/train/water_shower_456.wav,water_shower
/content/drive/MyDrive/mark4.7/data/train/water_shower_457.wav,water_shower
/content/drive/MyDrive/mark4.7/data/train/water_shower_458.wav,water_shower
/content/drive/MyDrive/mark4.7/data/train/water_shower_459.wav,water_shower
/content/drive/MyDrive/mark4.7/data/train/water_shower_46.wav,water_shower
/content/drive/MyDrive/mark4.7/data/train/water_shower_460.wav,water_shower
/content/drive/MyDrive/mark4.7/data/train/water_shower_461.wav,water_shower
/content/drive/MyDrive/mark4.7/data/train/water_shower_462.wav,water_shower
/content/drive/MyDrive/mark4.7/data/train/water_shower_463.wav,water_shower
/content/drive/MyDrive/mark4.7/data/train/water_shower_464.wav,water_shower
/content/drive/MyDrive/mark4.7/data/train/water_shower_465.wav,water_shower
/content/drive/MyDrive/mark4.7/data/train/water_shower_466.wav,water_shower
/content/drive/MyDrive/mark4.7/data/train/water_shower_467.wav,water_shower
/content/drive/MyDrive/mark4.7/data/train/water_shower_468.wav,water_shower
/content/drive/MyDrive/mark4.7/data/train/water_shower_469.wav,water_shower
/content/drive/MyDrive/mark4.7/data/train/water_shower_47.wav,water_shower
/content/drive/MyDrive/mark4.7/data/train/water_shower_470.wav,water_shower
/content/drive/MyDrive/mark4.7/data/train/water_shower_471.wav,water_shower
/content/drive/MyDrive/mark4.7/data/train/water_shower_472.wav,water_shower
/content/drive/MyDrive/mark4.7/data/train/water_shower_473.wav,water_shower
/content/drive/MyDrive/mark4.7/data/train/water_shower_474.wav,water_shower
/content/drive/MyDrive/mark4.7/data/train/water_shower_475.wav,water_shower
/content/drive/MyDrive/mark4.7/data/train/water_shower_476.wav,water_shower
/content/drive/MyDrive/mark4.7/data/train/water_shower_477.wav,water_shower
/content/drive/MyDrive/mark4.7/data/train/water_shower_478.wav,water_shower
/content/drive/MyDrive/mark4.7/data/train/water_shower_479.wav,water_shower
/content/drive/MyDrive/mark4.7/data/train/water_shower_48.wav,water_shower
/content/drive/MyDrive/mark4.7/data/train/water_shower_480.wav,water_shower
/content/drive/MyDrive/mark4.7/data/train/water_shower_481.wav,water_shower
/content/drive/MyDrive/mark4.7/data/train/water_shower_482.wav,water_shower
/content/drive/MyDrive/mark4.7/data/train/water_shower_483.wav,water_shower
/content/drive/MyDrive/mark4.7/data/train/water_shower_484.wav,water_shower
/content/drive/MyDrive/mark4.7/data/train/water_shower_485.wav,water_shower
/content/drive/MyDrive/mark4.7/data/train/water_shower_486.wav,water_shower
/content/drive/MyDrive/mark4.7/data/train/water_shower_487.wav,water_shower
/content/drive/MyDrive/mark4.7/data/train/water_shower_488.wav,water_shower
/content/drive/MyDrive/mark4.7/data/train/water_shower_489.wav,water_shower
/content/drive/MyDrive/mark4.7/data/train/water_shower_49.wav,water_shower
/content/drive/MyDrive/mark4.7/data/train/water_shower_490.wav,water_shower
/content/drive/MyDrive/mark4.7/data/train/water_shower_491.wav,water_shower
/content/drive/MyDrive/mark4.7/data/train/water_shower_492.wav,water_shower
/content/drive/MyDrive/mark4.7/data/train/water_shower_493.wav,water_shower
/content/drive/MyDrive/mark4.7/data/train/water_shower_494.wav,water_shower
/content/drive/MyDrive/mark4.7/data/train/water_shower_495.wav,water_shower
/content/drive/MyDrive/mark4.7/data/train/water_shower_496.wav,water_shower
/content/drive/MyDrive/mark4.7/data/train/water_shower_497.wav,water_shower
/content/drive/MyDrive/mark4.7/data/train/water_shower_498.wav,water_shower
/content/drive/MyDrive/mark4.7/data/train/water_shower_499.wav,water_shower
/content/drive/MyDrive/mark4.7/data/train/water_shower_5.wav,water_shower
/content/drive/MyDrive/mark4.7/data/train/water_shower_50.wav,water_shower
/content/drive/MyDrive/mark4.7/data/train/water_shower_500.wav,water_shower
/content/drive/MyDrive/mark4.7/data/train/water_shower_51.wav,water_shower
/content/drive/MyDrive/mark4.7/data/train/water_shower_52.wav,water_shower
/content/drive/MyDrive/mark4.7/data/train/water_shower_53.wav,water_shower
/content/drive/MyDrive/mark4.7/data/train/water_shower_54.wav,water_shower
/content/drive/MyDrive/mark4.7/data/train/water_shower_55.wav,water_shower
/content/drive/MyDrive/mark4.7/data/train/water_shower_56.wav,water_shower
/content/drive/MyDrive/mark4.7/data/train/water_shower_57.wav,water_shower
/content/drive/MyDrive/mark4.7/data/train/water_shower_58.wav,water_shower
/content/drive/MyDrive/mark4.7/data/train/water_shower_59.wav,water_shower
/content/drive/MyDrive/mark4.7/data/train/water_shower_6.wav,water_shower
/content/drive/MyDrive/mark4.7/data/train/water_shower_60.wav,water_shower
/content/drive/MyDrive/mark4.7/data/train/water_shower_61.wav,water_shower
/content/drive/MyDrive/mark4.7/data/train/water_shower_62.wav,water_shower
/content/drive/MyDrive/mark4.7/data/train/water_shower_63.wav,water_shower
/content/drive/MyDrive/mark4.7/data/train/water_shower_64.wav,water_shower
/content/drive/MyDrive/mark4.7/data/train/water_shower_65.wav,water_shower
/content/drive/MyDrive/mark4.7/data/train/water_shower_66.wav,water_shower
/content/drive/MyDrive/mark4.7/data/train/water_shower_67.wav,water_shower
/content/drive/MyDrive/mark4.7/data/train/water_shower_68.wav,water_shower
/content/drive/MyDrive/mark4.7/data/train/water_shower_69.wav,water_shower
/content/drive/MyDrive/mark4.7/data/train/water_shower_7.wav,water_shower
/content/drive/MyDrive/mark4.7/data/train/water_shower_70.wav,water_shower
/content/drive/MyDrive/mark4.7/data/train/water_shower_71.wav,water_shower
/content/drive/MyDrive/mark4.7/data/train/water_shower_72.wav,water_shower
/content/drive/MyDrive/mark4.7/data/train/water_shower_73.wav,water_shower
/content/drive/MyDrive/mark4.7/data/train/water_shower_74.wav,water_shower
/content/drive/MyDrive/mark4.7/data/train/water_shower_75.wav,water_shower
/content/drive/MyDrive/mark4.7/data/train/water_shower_76.wav,water_shower
/content/drive/MyDrive/mark4.7/data/train/water_shower_77.wav,water_shower
/content/drive/MyDrive/mark4.7/data/train/water_shower_78.wav,water_shower
/content/drive/MyDrive/mark4.7/data/train/water_shower_79.wav,water_shower
/content/drive/MyDrive/mark4.7/data/train/water_shower_8.wav,water_shower
/content/drive/MyDrive/mark4.7/data/train/water_shower_80.wav,water_shower
/content/drive/MyDrive/mark4.7/data/train/water_shower_81.wav,water_shower
/content/drive/MyDrive/mark4.7/data/train/water_shower_82.wav,water_shower
/content/drive/MyDrive/mark4.7/data/train/water_shower_83.wav,water_shower
/content/drive/MyDrive/mark4.7/data/train/water_shower_84.wav,water_shower
/content/drive/MyDrive/mark4.7/data/train/water_shower_85.wav,water_shower
/content/drive/MyDrive/mark4.7/data/train/water_shower_86.wav,water_shower
/content/drive/MyDrive/mark4.7/data/train/water_shower_87.wav,water_shower
/content/drive/MyDrive/mark4.7/data/train/water_shower_88.wav,water_shower
/content/drive/MyDrive/mark4.7/data/train/water_shower_89.wav,water_shower
/content/drive/MyDrive/mark4.7/data/train/water_shower_9.wav,water_shower
/content/drive/MyDrive/mark4.7/data/train/water_shower_90.wav,water_shower
/content/drive/MyDrive/mark4.7/data/train/water_shower_91.wav,water_shower
/content/drive/MyDrive/mark4.7/data/train/water_shower_92.wav,water_shower
/content/drive/MyDrive/mark4.7/data/train/water_shower_93.wav,water_shower
/content/drive/MyDrive/mark4.7/data/train/water_shower_94.wav,water_shower
/content/drive/MyDrive/mark4.7/data/train/water_shower_95.wav,water_shower
/content/drive/MyDrive/mark4.7/data/train/water_shower_96.wav,water_shower
/content/drive/MyDrive/mark4.7/data/train/water_shower_97.wav,water_shower
/content/drive/MyDrive/mark4.7/data/train/water_shower_98.wav,water_shower
/content/drive/MyDrive/mark4.7/data/train/water_shower_99.wav,water_shower
/content/drive/MyDrive/mark4.7/data/val/others_1401.wav,others
/content/drive/MyDrive/mark4.7/data/val/others_1402.wav,others
/content/drive/MyDrive/mark4.7/data/val/others_1403.wav,others
/content/drive/MyDrive/mark4.7/data/val/others_1404.wav,others
/content/drive/MyDrive/mark4.7/data/val/others_1405.wav,others
/content/drive/MyDrive/mark4.7/data/val/others_1406.wav,others
/content/drive/MyDrive/mark4.7/data/val/others_1407.wav,others
/content/drive/MyDrive/mark4.7/data/val/others_1408.wav,others
/content/drive/MyDrive/mark4.7/data/val/others_1409.wav,others
/content/drive/MyDrive/mark4.7/data/val/others_1410.wav,others
/content/drive/MyDrive/mark4.7/data/val/others_1411.wav,others
/content/drive/MyDrive/mark4.7/data/val/others_1412.wav,others
/content/drive/MyDrive/mark4.7/data/val/others_1413.wav,others
/content/drive/MyDrive/mark4.7/data/val/others_1414.wav,others
/content/drive/MyDrive/mark4.7/data/val/others_1415.wav,others
/content/drive/MyDrive/mark4.7/data/val/others_1416.wav,others
/content/drive/MyDrive/mark4.7/data/val/others_1417.wav,others
/content/drive/MyDrive/mark4.7/data/val/others_1418.wav,others
/content/drive/MyDrive/mark4.7/data/val/others_1419.wav,others
/content/drive/MyDrive/mark4.7/data/val/others_1420.wav,others
/content/drive/MyDrive/mark4.7/data/val/others_1421.wav,others
/content/drive/MyDrive/mark4.7/data/val/others_1422.wav,others
/content/drive/MyDrive/mark4.7/data/val/others_1423.wav,others
/content/drive/MyDrive/mark4.7/data/val/others_1424.wav,others
/content/drive/MyDrive/mark4.7/data/val/others_1425.wav,others
/content/drive/MyDrive/mark4.7/data/val/others_1426.wav,others
/content/drive/MyDrive/mark4.7/data/val/others_1427.wav,others
/content/drive/MyDrive/mark4.7/data/val/others_1428.wav,others
/content/drive/MyDrive/mark4.7/data/val/others_1429.wav,others
/content/drive/MyDrive/mark4.7/data/val/others_1430.wav,others
/content/drive/MyDrive/mark4.7/data/val/others_1431.wav,others
/content/drive/MyDrive/mark4.7/data/val/others_1432.wav,others
/content/drive/MyDrive/mark4.7/data/val/others_1433.wav,others
/content/drive/MyDrive/mark4.7/data/val/others_1434.wav,others
/content/drive/MyDrive/mark4.7/data/val/others_1435.wav,others
/content/drive/MyDrive/mark4.7/data/val/others_1436.wav,others
/content/drive/MyDrive/mark4.7/data/val/others_1437.wav,others
/content/drive/MyDrive/mark4.7/data/val/others_1438.wav,others
/content/drive/MyDrive/mark4.7/data/val/others_1439.wav,others
/content/drive/MyDrive/mark4.7/data/val/others_1440.wav,others
/content/drive/MyDrive/mark4.7/data/val/others_1441.wav,others
/content/drive/MyDrive/mark4.7/data/val/others_1442.wav,others
/content/drive/MyDrive/mark4.7/data/val/others_1443.wav,others
/content/drive/MyDrive/mark4.7/data/val/others_1444.wav,others
/content/drive/MyDrive/mark4.7/data/val/others_1445.wav,others
/content/drive/MyDrive/mark4.7/data/val/others_1446.wav,others
/content/drive/MyDrive/mark4.7/data/val/others_1447.wav,others
/content/drive/MyDrive/mark4.7/data/val/others_1448.wav,others
/content/drive/MyDrive/mark4.7/data/val/others_1449.wav,others
/content/drive/MyDrive/mark4.7/data/val/others_1450.wav,others
/content/drive/MyDrive/mark4.7/data/val/others_1451.wav,others
/content/drive/MyDrive/mark4.7/data/val/others_1452.wav,others
/content/drive/MyDrive/mark4.7/data/val/others_1453.wav,others
/content/drive/MyDrive/mark4.7/data/val/others_1454.wav,others
/content/drive/MyDrive/mark4.7/data/val/others_1455.wav,others
/content/drive/MyDrive/mark4.7/data/val/others_1456.wav,others
/content/drive/MyDrive/mark4.7/data/val/others_1457.wav,others
/content/drive/MyDrive/mark4.7/data/val/others_1458.wav,others
/content/drive/MyDrive/mark4.7/data/val/others_1459.wav,others
/content/drive/MyDrive/mark4.7/data/val/others_1460.wav,others
/content/drive/MyDrive/mark4.7/data/val/others_1461.wav,others
/content/drive/MyDrive/mark4.7/data/val/others_1462.wav,others
/content/drive/MyDrive/mark4.7/data/val/others_1463.wav,others
/content/drive/MyDrive/mark4.7/data/val/others_1464.wav,others
/content/drive/MyDrive/mark4.7/data/val/others_1465.wav,others
/content/drive/MyDrive/mark4.7/data/val/others_1466.wav,others
/content/drive/MyDrive/mark4.7/data/val/others_1467.wav,others
/content/drive/MyDrive/mark4.7/data/val/others_1468.wav,others
/content/drive/MyDrive/mark4.7/data/val/others_1469.wav,others
/content/drive/MyDrive/mark4.7/data/val/others_1470.wav,others
/content/drive/MyDrive/mark4.7/data/val/others_1471.wav,others
/content/drive/MyDrive/mark4.7/data/val/others_1472.wav,others
/content/drive/MyDrive/mark4.7/data/val/others_1473.wav,others
/content/drive/MyDrive/mark4.7/data/val/others_1474.wav,others
/content/drive/MyDrive/mark4.7/data/val/others_1475.wav,others
/content/drive/MyDrive/mark4.7/data/val/others_1476.wav,others
/content/drive/MyDrive/mark4.7/data/val/others_1477.wav,others
/content/drive/MyDrive/mark4.7/data/val/others_1478.wav,others
/content/drive/MyDrive/mark4.7/data/val/others_1479.wav,others
/content/drive/MyDrive/mark4.7/data/val/others_1480.wav,others
/content/drive/MyDrive/mark4.7/data/val/others_1481.wav,others
/content/drive/MyDrive/mark4.7/data/val/others_1482.wav,others
/content/drive/MyDrive/mark4.7/data/val/others_1483.wav,others
/content/drive/MyDrive/mark4.7/data/val/others_1484.wav,others
/content/drive/MyDrive/mark4.7/data/val/others_1485.wav,others
/content/drive/MyDrive/mark4.7/data/val/others_1486.wav,others
/content/drive/MyDrive/mark4.7/data/val/others_1487.wav,others
/content/drive/MyDrive/mark4.7/data/val/others_1488.wav,others
/content/drive/MyDrive/mark4.7/data/val/others_1489.wav,others
/content/drive/MyDrive/mark4.7/data/val/others_1490.wav,others
/content/drive/MyDrive/mark4.7/data/val/others_1491.wav,others
/content/drive/MyDrive/mark4.7/data/val/others_1492.wav,others
/content/drive/MyDrive/mark4.7/data/val/others_1493.wav,others
/content/drive/MyDrive/mark4.7/data/val/others_1494.wav,others
/content/drive/MyDrive/mark4.7/data/val/others_1495.wav,others
/content/drive/MyDrive/mark4.7/data/val/others_1496.wav,others
/content/drive/MyDrive/mark4.7/data/val/others_1497.wav,others
/content/drive/MyDrive/mark4.7/data/val/others_1498.wav,others
/content/drive/MyDrive/mark4.7/data/val/others_1499.wav,others
/content/drive/MyDrive/mark4.7/data/val/others_1500.wav,others
/content/drive/MyDrive/mark4.7/data/val/water_shower_601.wav,water_shower
/content/drive/MyDrive/mark4.7/data/val/water_shower_602.wav,water_shower
/content/drive/MyDrive/mark4.7/data/val/water_shower_603.wav,water_shower
/content/drive/MyDrive/mark4.7/data/val/water_shower_604.wav,water_shower
/content/drive/MyDrive/mark4.7/data/val/water_shower_605.wav,water_shower
/content/drive/MyDrive/mark4.7/data/val/water_shower_606.wav,water_shower
/content/drive/MyDrive/mark4.7/data/val/water_shower_607.wav,water_shower
/content/drive/MyDrive/mark4.7/data/val/water_shower_608.wav,water_shower
/content/drive/MyDrive/mark4.7/data/val/water_shower_609.wav,water_shower
/content/drive/MyDrive/mark4.7/data/val/water_shower_610.wav,water_shower
/content/drive/MyDrive/mark4.7/data/val/water_shower_611.wav,water_shower
/content/drive/MyDrive/mark4.7/data/val/water_shower_612.wav,water_shower
/content/drive/MyDrive/mark4.7/data/val/water_shower_613.wav,water_shower
/content/drive/MyDrive/mark4.7/data/val/water_shower_614.wav,water_shower
/content/drive/MyDrive/mark4.7/data/val/water_shower_615.wav,water_shower
/content/drive/MyDrive/mark4.7/data/val/water_shower_616.wav,water_shower
/content/drive/MyDrive/mark4.7/data/val/water_shower_617.wav,water_shower
/content/drive/MyDrive/mark4.7/data/val/water_shower_618.wav,water_shower
/content/drive/MyDrive/mark4.7/data/val/water_shower_619.wav,water_shower
/content/drive/MyDrive/mark4.7/data/val/water_shower_620.wav,water_shower
/content/drive/MyDrive/mark4.7/data/val/water_shower_621.wav,water_shower
/content/drive/MyDrive/mark4.7/data/val/water_shower_622.wav,water_shower
/content/drive/MyDrive/mark4.7/data/val/water_shower_623.wav,water_shower
/content/drive/MyDrive/mark4.7/data/val/water_shower_624.wav,water_shower
/content/drive/MyDrive/mark4.7/data/val/water_shower_625.wav,water_shower
/content/drive/MyDrive/mark4.7/data/val/water_shower_626.wav,water_shower
/content/drive/MyDrive/mark4.7/data/val/water_shower_627.wav,water_shower
/content/drive/MyDrive/mark4.7/data/val/water_shower_628.wav,water_shower
/content/drive/MyDrive/mark4.7/data/val/water_shower_629.wav,water_shower
/content/drive/MyDrive/mark4.7/data/val/water_shower_630.wav,water_shower
/content/drive/MyDrive/mark4.7/data/val/water_shower_631.wav,water_shower
/content/drive/MyDrive/mark4.7/data/val/water_shower_632.wav,water_shower
/content/drive/MyDrive/mark4.7/data/val/water_shower_633.wav,water_shower
/content/drive/MyDrive/mark4.7/data/val/water_shower_634.wav,water_shower
/content/drive/MyDrive/mark4.7/data/val/water_shower_635.wav,water_shower
/content/drive/MyDrive/mark4.7/data/val/water_shower_636.wav,water_shower
/content/drive/MyDrive/mark4.7/data/val/water_shower_637.wav,water_shower
/content/drive/MyDrive/mark4.7/data/val/water_shower_638.wav,water_shower
/content/drive/MyDrive/mark4.7/data/val/water_shower_639.wav,water_shower
/content/drive/MyDrive/mark4.7/data/val/water_shower_640.wav,water_shower
/content/drive/MyDrive/mark4.7/data/val/water_shower_641.wav,water_shower
/content/drive/MyDrive/mark4.7/data/val/water_shower_642.wav,water_shower
/content/drive/MyDrive/mark4.7/data/val/water_shower_643.wav,water_shower
/content/drive/MyDrive/mark4.7/data/val/water_shower_644.wav,water_shower
/content/drive/MyDrive/mark4.7/data/val/water_shower_645.wav,water_shower
/content/drive/MyDrive/mark4.7/data/val/water_shower_646.wav,water_shower
/content/drive/MyDrive/mark4.7/data/val/water_shower_647.wav,water_shower
/content/drive/MyDrive/mark4.7/data/val/water_shower_648.wav,water_shower
/content/drive/MyDrive/mark4.7/data/val/water_shower_649.wav,water_shower
/content/drive/MyDrive/mark4.7/data/val/water_shower_650.wav,water_shower
/content/drive/MyDrive/mark4.7/data/val/water_shower_651.wav,water_shower
/content/drive/MyDrive/mark4.7/data/val/water_shower_652.wav,water_shower
/content/drive/MyDrive/mark4.7/data/val/water_shower_653.wav,water_shower
/content/drive/MyDrive/mark4.7/data/val/water_shower_654.wav,water_shower
/content/drive/MyDrive/mark4.7/data/val/water_shower_655.wav,water_shower
/content/drive/MyDrive/mark4.7/data/val/water_shower_656.wav,water_shower
/content/drive/MyDrive/mark4.7/data/val/water_shower_657.wav,water_shower
/content/drive/MyDrive/mark4.7/data/val/water_shower_658.wav,water_shower
/content/drive/MyDrive/mark4.7/data/val/water_shower_659.wav,water_shower
/content/drive/MyDrive/mark4.7/data/val/water_shower_660.wav,water_shower
/content/drive/MyDrive/mark4.7/data/val/water_shower_661.wav,water_shower
/content/drive/MyDrive/mark4.7/data/val/water_shower_662.wav,water_shower
/content/drive/MyDrive/mark4.7/data/val/water_shower_663.wav,water_shower
/content/drive/MyDrive/mark4.7/data/val/water_shower_664.wav,water_shower
/content/drive/MyDrive/mark4.7/data/val/water_shower_665.wav,water_shower
/content/drive/MyDrive/mark4.7/data/val/water_shower_666.wav,water_shower
/content/drive/MyDrive/mark4.7/data/val/water_shower_667.wav,water_shower
/content/drive/MyDrive/mark4.7/data/val/water_shower_668.wav,water_shower
/content/drive/MyDrive/mark4.7/data/val/water_shower_669.wav,water_shower
/content/drive/MyDrive/mark4.7/data/val/water_shower_670.wav,water_shower
/content/drive/MyDrive/mark4.7/data/val/water_shower_671.wav,water_shower
/content/drive/MyDrive/mark4.7/data/val/water_shower_672.wav,water_shower
/content/drive/MyDrive/mark4.7/data/val/water_shower_673.wav,water_shower
/content/drive/MyDrive/mark4.7/data/val/water_shower_674.wav,water_shower
/content/drive/MyDrive/mark4.7/data/val/water_shower_675.wav,water_shower
/content/drive/MyDrive/mark4.7/data/val/water_shower_676.wav,water_shower
/content/drive/MyDrive/mark4.7/data/val/water_shower_677.wav,water_shower
/content/drive/MyDrive/mark4.7/data/val/water_shower_678.wav,water_shower
/content/drive/MyDrive/mark4.7/data/val/water_shower_679.wav,water_shower
/content/drive/MyDrive/mark4.7/data/val/water_shower_680.wav,water_shower
/content/drive/MyDrive/mark4.7/data/val/water_shower_681.wav,water_shower
/content/drive/MyDrive/mark4.7/data/val/water_shower_682.wav,water_shower
/content/drive/MyDrive/mark4.7/data/val/water_shower_683.wav,water_shower
/content/drive/MyDrive/mark4.7/data/val/water_shower_684.wav,water_shower
/content/drive/MyDrive/mark4.7/data/val/water_shower_685.wav,water_shower
/content/drive/MyDrive/mark4.7/data/val/water_shower_686.wav,water_shower
/content/drive/MyDrive/mark4.7/data/val/water_shower_687.wav,water_shower
/content/drive/MyDrive/mark4.7/data/val/water_shower_688.wav,water_shower
/content/drive/MyDrive/mark4.7/data/val/water_shower_689.wav,water_shower
/content/drive/MyDrive/mark4.7/data/val/water_shower_690.wav,water_shower
/content/drive/MyDrive/mark4.7/data/val/water_shower_691.wav,water_shower
/content/drive/MyDrive/mark4.7/data/val/water_shower_692.wav,water_shower
/content/drive/MyDrive/mark4.7/data/val/water_shower_693.wav,water_shower
/content/drive/MyDrive/mark4.7/data/val/water_shower_694.wav,water_shower
/content/drive/MyDrive/mark4.7/data/val/water_shower_695.wav,water_shower
/content/drive/MyDrive/mark4.7/data/val/water_shower_696.wav,water_shower
/content/drive/MyDrive/mark4.7/data/val/water_shower_697.wav,water_shower
/content/drive/MyDrive/mark4.7/data/val/water_shower_698.wav,water_shower
/content/drive/MyDrive/mark4.7/data/val/water_shower_699.wav,water_shower
/content/drive/MyDrive/mark4.7/data/val/water_shower_700.wav,water_shower
